deltad(Arts & Entertainment),6.251576801340671
deltad(College & University),4.424765173931188
deltad(Event),0.3843966004193845
deltad(Food),27.341195297808405
deltad(Nightlife Spot),5.825587024086588
deltad(Outdoors & Recreation),9.196715224799357
deltad(Professional & Other Places),33.59894337721515
deltad(Residence),31.618073648300868
deltad(Shop & Service),29.660582062165428
deltad(Travel & Transport),10.956211172230375
deltad(Arts & Entertainment AND College & University),13.878635079230598
deltad(Arts & Entertainment AND Event),-1.2250300297999104
deltad(Arts & Entertainment AND Food),93.30063610564963
deltad(Arts & Entertainment AND Nightlife Spot),18.52074081601328
deltad(Arts & Entertainment AND Outdoors & Recreation),29.50249810360234
deltad(Arts & Entertainment AND Professional & Other Places),116.38012295596573
deltad(Arts & Entertainment AND Residence),115.08578839456516
deltad(Arts & Entertainment AND Shop & Service),107.42703238393294
deltad(Arts & Entertainment AND Travel & Transport),37.675736906271666
deltad(College & University AND Event),-0.3048503076211908
deltad(College & University AND Food),59.38629092343298
deltad(College & University AND Nightlife Spot),12.551344500290094
deltad(College & University AND Outdoors & Recreation),20.773629477288466
deltad(College & University AND Professional & Other Places),72.6527406225351
deltad(College & University AND Residence),82.9882401642162
deltad(College & University AND Shop & Service),76.23634565693024
deltad(College & University AND Travel & Transport),22.713427121099215
deltad(Event AND Food),3.085337854204198
deltad(Event AND Nightlife Spot),-0.5422254398619462
deltad(Event AND Outdoors & Recreation),1.3737416221507759
deltad(Event AND Professional & Other Places),2.1433953587611123
deltad(Event AND Residence),5.572242828596066
deltad(Event AND Shop & Service),4.944260898616913
deltad(Event AND Travel & Transport),0.5096576735476801
deltad(Food AND Nightlife Spot),72.25431953730413
deltad(Food AND Outdoors & Recreation),147.75219889158458
deltad(Food AND Professional & Other Places),537.4859505298115
deltad(Food AND Residence),518.0071738256598
deltad(Food AND Shop & Service),450.48984086465055
deltad(Food AND Travel & Transport),160.53841999184206
deltad(Nightlife Spot AND Outdoors & Recreation),29.456571791097627
deltad(Nightlife Spot AND Professional & Other Places),109.42410694066088
deltad(Nightlife Spot AND Residence),105.8720118393601
deltad(Nightlife Spot AND Shop & Service),95.33855585657922
deltad(Nightlife Spot AND Travel & Transport),33.77113372135426
deltad(Outdoors & Recreation AND Professional & Other Places),184.3042924181481
deltad(Outdoors & Recreation AND Residence),171.0049561747856
deltad(Outdoors & Recreation AND Shop & Service),161.57637683115868
deltad(Outdoors & Recreation AND Travel & Transport),58.262296614878125
deltad(Professional & Other Places AND Residence),642.3956636060102
deltad(Professional & Other Places AND Shop & Service),595.9386250362627
deltad(Professional & Other Places AND Travel & Transport),214.6270572080001
deltad(Residence AND Shop & Service),563.8747644512812
deltad(Residence AND Travel & Transport),207.0324115992901
deltad(Shop & Service AND Travel & Transport),188.1895664755602
deltad(Arts & Entertainment AND College & University AND Event),-47.38835128630509
deltad(Arts & Entertainment AND College & University AND Food),-154.43634759642657
deltad(Arts & Entertainment AND College & University AND Nightlife Spot),-25.36330392964912
deltad(Arts & Entertainment AND College & University AND Outdoors & Recreation),-40.1671018593529
deltad(Arts & Entertainment AND College & University AND Professional & Other Places),-226.12136510197485
deltad(Arts & Entertainment AND College & University AND Residence),140.30275940088325
deltad(Arts & Entertainment AND College & University AND Shop & Service),69.18490756387223
deltad(Arts & Entertainment AND College & University AND Travel & Transport),-100.81921522323796
deltad(Arts & Entertainment AND Event AND Food),-213.99278439905234
deltad(Arts & Entertainment AND Event AND Nightlife Spot),-80.2322438190325
deltad(Arts & Entertainment AND Event AND Outdoors & Recreation),-126.27020381610711
deltad(Arts & Entertainment AND Event AND Professional & Other Places),-311.3198363631832
deltad(Arts & Entertainment AND Event AND Residence),-88.51533984135344
deltad(Arts & Entertainment AND Event AND Shop & Service),-138.29339412905225
deltad(Arts & Entertainment AND Event AND Travel & Transport),-97.22489188904552
deltad(Arts & Entertainment AND Food AND Nightlife Spot),-429.1779418700658
deltad(Arts & Entertainment AND Food AND Outdoors & Recreation),34.4181411665046
deltad(Arts & Entertainment AND Food AND Professional & Other Places),460.9033815675739
deltad(Arts & Entertainment AND Food AND Residence),875.3823246777765
deltad(Arts & Entertainment AND Food AND Shop & Service),132.40737199606792
deltad(Arts & Entertainment AND Food AND Travel & Transport),-88.49000334924801
deltad(Arts & Entertainment AND Nightlife Spot AND Outdoors & Recreation),-71.45165302504716
deltad(Arts & Entertainment AND Nightlife Spot AND Professional & Other Places),-111.48464201928334
deltad(Arts & Entertainment AND Nightlife Spot AND Residence),8.49321173902348
deltad(Arts & Entertainment AND Nightlife Spot AND Shop & Service),-57.09362838170068
deltad(Arts & Entertainment AND Nightlife Spot AND Travel & Transport),-74.48260124541568
deltad(Arts & Entertainment AND Outdoors & Recreation AND Professional & Other Places),67.3778210505734
deltad(Arts & Entertainment AND Outdoors & Recreation AND Residence),252.87355040087743
deltad(Arts & Entertainment AND Outdoors & Recreation AND Shop & Service),182.49865133590777
deltad(Arts & Entertainment AND Outdoors & Recreation AND Travel & Transport),-143.02350945671162
deltad(Arts & Entertainment AND Professional & Other Places AND Residence),1135.824816882533
deltad(Arts & Entertainment AND Professional & Other Places AND Shop & Service),913.6483936653685
deltad(Arts & Entertainment AND Professional & Other Places AND Travel & Transport),58.23617426971839
deltad(Arts & Entertainment AND Residence AND Shop & Service),1104.983830078545
deltad(Arts & Entertainment AND Residence AND Travel & Transport),294.2949154819412
deltad(Arts & Entertainment AND Shop & Service AND Travel & Transport),174.78377413423834
deltad(College & University AND Event AND Food),-93.08472445924741
deltad(College & University AND Event AND Nightlife Spot),-25.837836247163153
deltad(College & University AND Event AND Outdoors & Recreation),-26.239302273668443
deltad(College & University AND Event AND Professional & Other Places),-163.5763982956471
deltad(College & University AND Event AND Residence),-61.210544730084116
deltad(College & University AND Event AND Shop & Service),-47.5328900291417
deltad(College & University AND Event AND Travel & Transport),-83.60288819522663
deltad(College & University AND Food AND Nightlife Spot),-221.91728158962945
deltad(College & University AND Food AND Outdoors & Recreation),-35.6870746859538
deltad(College & University AND Food AND Professional & Other Places),-204.41605857246896
deltad(College & University AND Food AND Residence),553.9256119440165
deltad(College & University AND Food AND Shop & Service),-99.53280087032226
deltad(College & University AND Food AND Travel & Transport),-318.3458838387462
deltad(College & University AND Nightlife Spot AND Outdoors & Recreation),-43.13957104409222
deltad(College & University AND Nightlife Spot AND Professional & Other Places),-133.57491555175244
deltad(College & University AND Nightlife Spot AND Residence),6.806203527481898
deltad(College & University AND Nightlife Spot AND Shop & Service),-22.228843107504076
deltad(College & University AND Nightlife Spot AND Travel & Transport),-86.2578113244002
deltad(College & University AND Outdoors & Recreation AND Professional & Other Places),-48.070921133957995
deltad(College & University AND Outdoors & Recreation AND Residence),178.81641701368005
deltad(College & University AND Outdoors & Recreation AND Shop & Service),202.49667696634765
deltad(College & University AND Outdoors & Recreation AND Travel & Transport),-60.25069204082183
deltad(College & University AND Professional & Other Places AND Residence),888.8983174406101
deltad(College & University AND Professional & Other Places AND Shop & Service),579.288762583006
deltad(College & University AND Professional & Other Places AND Travel & Transport),-189.75227975819632
deltad(College & University AND Residence AND Shop & Service),802.0080885489069
deltad(College & University AND Residence AND Travel & Transport),39.19907799501493
deltad(College & University AND Shop & Service AND Travel & Transport),81.46785722348932
deltad(Event AND Food AND Nightlife Spot),-178.58638369040585
deltad(Event AND Food AND Outdoors & Recreation),-79.55140575259067
deltad(Event AND Food AND Professional & Other Places),-367.34984163241745
deltad(Event AND Food AND Residence),-129.43048523106643
deltad(Event AND Food AND Shop & Service),-227.4124506349068
deltad(Event AND Food AND Travel & Transport),-158.09355714849926
deltad(Event AND Nightlife Spot AND Outdoors & Recreation),-21.406367415949262
deltad(Event AND Nightlife Spot AND Professional & Other Places),-431.74867528184285
deltad(Event AND Nightlife Spot AND Residence),-56.39147798183075
deltad(Event AND Nightlife Spot AND Shop & Service),-63.59135240217593
deltad(Event AND Nightlife Spot AND Travel & Transport),-37.69891337637979
deltad(Event AND Outdoors & Recreation AND Professional & Other Places),-57.94485185742038
deltad(Event AND Outdoors & Recreation AND Residence),-17.3474184887907
deltad(Event AND Outdoors & Recreation AND Shop & Service),-57.93585399391425
deltad(Event AND Outdoors & Recreation AND Travel & Transport),-57.52491958761098
deltad(Event AND Professional & Other Places AND Residence),-211.71799363089445
deltad(Event AND Professional & Other Places AND Shop & Service),-229.1904781751963
deltad(Event AND Professional & Other Places AND Travel & Transport),-169.55234701034738
deltad(Event AND Residence AND Shop & Service),-96.36959750906786
deltad(Event AND Residence AND Travel & Transport),-86.40883953192568
deltad(Event AND Shop & Service AND Travel & Transport),-103.09290452054408
deltad(Food AND Nightlife Spot AND Outdoors & Recreation),-190.42795078275878
deltad(Food AND Nightlife Spot AND Professional & Other Places),-194.70994589452948
deltad(Food AND Nightlife Spot AND Residence),328.3614472542067
deltad(Food AND Nightlife Spot AND Shop & Service),-886.8184630313249
deltad(Food AND Nightlife Spot AND Travel & Transport),-646.0947826791904
deltad(Food AND Outdoors & Recreation AND Professional & Other Places),1668.2786982017178
deltad(Food AND Outdoors & Recreation AND Residence),1802.5416906508442
deltad(Food AND Outdoors & Recreation AND Shop & Service),983.5610870221603
deltad(Food AND Outdoors & Recreation AND Travel & Transport),194.6714538642807
deltad(Food AND Professional & Other Places AND Residence),7339.778329385322
deltad(Food AND Professional & Other Places AND Shop & Service),4324.158172959672
deltad(Food AND Professional & Other Places AND Travel & Transport),906.2776778397783
deltad(Food AND Residence AND Shop & Service),5192.770716860493
deltad(Food AND Residence AND Travel & Transport),1628.6434690795945
deltad(Food AND Shop & Service AND Travel & Transport),208.5398000063051
deltad(Nightlife Spot AND Outdoors & Recreation AND Professional & Other Places),220.1134188039622
deltad(Nightlife Spot AND Outdoors & Recreation AND Residence),184.96447557316844
deltad(Nightlife Spot AND Outdoors & Recreation AND Shop & Service),15.035656628918787
deltad(Nightlife Spot AND Outdoors & Recreation AND Travel & Transport),-14.647496879479206
deltad(Nightlife Spot AND Professional & Other Places AND Residence),1058.018261061427
deltad(Nightlife Spot AND Professional & Other Places AND Shop & Service),745.817793369758
deltad(Nightlife Spot AND Professional & Other Places AND Travel & Transport),119.52238894371897
deltad(Nightlife Spot AND Residence AND Shop & Service),749.8003978935569
deltad(Nightlife Spot AND Residence AND Travel & Transport),190.7665898078276
deltad(Nightlife Spot AND Shop & Service AND Travel & Transport),-58.8647387026582
deltad(Outdoors & Recreation AND Professional & Other Places AND Residence),2329.9555227534565
deltad(Outdoors & Recreation AND Professional & Other Places AND Shop & Service),2062.5303137819365
deltad(Outdoors & Recreation AND Professional & Other Places AND Travel & Transport),548.2534839168737
deltad(Outdoors & Recreation AND Residence AND Shop & Service),1858.2654239228605
deltad(Outdoors & Recreation AND Residence AND Travel & Transport),669.6475387565301
deltad(Outdoors & Recreation AND Shop & Service AND Travel & Transport),406.1416225665715
deltad(Professional & Other Places AND Residence AND Shop & Service),8332.198286103077
deltad(Professional & Other Places AND Residence AND Travel & Transport),2702.9558293910263
deltad(Professional & Other Places AND Shop & Service AND Travel & Transport),2013.807595444946
deltad(Residence AND Shop & Service AND Travel & Transport),2107.3683692002355
