Latitude,Longitude,Food,Residence,Shop & Service,Professional & Other Places,Travel & Transport,Nightlife Spot,Outdoors & Recreation,College & University,Arts & Entertainment,Event
0.7504514458,0.5212842226,4.13194884023673E-006,8.26389768047346E-006,1.10185302406313E-005,8.26389768047346E-006,2.75463256015782E-006,1.37731628007891E-006,0,0,,0
0.7504514458,0.5212901831,6.31945116742088E-006,1.26389023348418E-005,1.26389023348418E-005,2.10648372247363E-006,0,0,2.10648372247363E-006,0,,0
0.7504514458,0.5212961435,0,2.59315409973477E-005,1.23483528558799E-006,4.93934114235195E-006,1.23483528558799E-006,1.23483528558799E-006,0,1.23483528558799E-006,,0
0.7504514458,0.521302104,0.000007162,4.77469643760689E-006,0.000007162,0.000007162,2.38734821880344E-006,0,0,0,0.000007162,0
0.7504514458,0.5213080645,0.000007162,1.07430669846155E-005,8.95255582051291E-006,5.37153349230775E-006,1.79051116410258E-006,0,0,0,1.79051116410258E-006,0
0.7504514458,0.5213140249,0,1.07430669846155E-005,0,1.07430669846155E-005,0,0.000003581,0.000003581,0.000003581,0.000003581,0
0.7504514458,0.5213199854,3.97891369800574E-006,1.59156547920229E-005,0,7.95782739601147E-006,0,0,3.97891369800574E-006,0,3.97891369800574E-006,0
0.7504514458,0.5213259459,0.000007162,0.000007162,1.43240893128207E-005,0,0.000007162,0,0,0,0,0
0.7504514458,0.5213319063,0,0,0,0,0,0,0,0,0,0
0.7504514458,0.5213378668,0,1.79051116410258E-005,0,1.79051116410258E-005,0,0,0,0,0,0
0.7504514458,0.5213438272,7.67361927472535E-006,0,7.67361927472535E-006,1.27893654578756E-005,0,0,2.55787309157512E-006,0,5.11574618315023E-006,0
0.7504514458,0.5213497877,0,0,5.96837054700861E-006,1.19367410940172E-005,5.96837054700861E-006,0,1.19367410940172E-005,0,0,0
0.7504514458,0.5213557482,0,1.59156547920229E-005,3.97891369800574E-006,3.97891369800574E-006,7.95782739601147E-006,0,3.97891369800574E-006,0,0,0
0.7504514458,0.5213617086,1.10185302406313E-005,8.26389768047346E-006,5.50926512031564E-006,2.75463256015782E-006,2.75463256015782E-006,1.37731628007891E-006,1.37731628007891E-006,1.37731628007891E-006,1.37731628007891E-006,0
0.7504514458,0.5213676691,9.94728424501434E-006,1.98945684900287E-006,7.95782739601147E-006,5.96837054700861E-006,1.98945684900287E-006,1.98945684900287E-006,1.98945684900287E-006,0,3.97891369800574E-006,0
0.7504514458,0.5213736296,5.96837054700861E-006,0,1.19367410940172E-005,1.79051116410258E-005,0,0,0,0,0,0
0.7504514458,0.52137959,5.96837054700861E-006,0,0,1.79051116410258E-005,0,0,5.96837054700861E-006,0,5.96837054700861E-006,0
0.7504514458,0.5213855505,3.97891369800574E-006,7.95782739601147E-006,3.97891369800574E-006,1.19367410940172E-005,0,3.97891369800574E-006,3.97891369800574E-006,0,0,0
0.7504514458,0.521391511,0,0,0,1.79051116410258E-005,0,0,0,0,1.79051116410258E-005,0
0.7504514458,0.5213974714,0,0,0,0,0,0,0,0,0,0
0.750443161,0.5212842226,1.101824266096E-005,2.75456066524E-006,5.50912133047999E-006,5.50912133047999E-006,2.75456066524E-006,2.75456066524E-006,0,0,5.50912133047999E-006,0
0.750443161,0.5212901831,1.3428483243045E-005,0,8.95232216202998E-006,0,0,0,0,8.95232216202998E-006,4.47616108101499E-006,0
0.750443161,0.5212961435,1.19364295493733E-005,9.54914363949865E-006,9.54914363949865E-006,4.77457181974933E-006,0,0,0,0,0,0
0.750443161,0.521302104,4.77457181974933E-006,1.4323715459248E-005,2.38728590987466E-006,7.16185772962399E-006,0,0,0,4.77457181974933E-006,2.38728590987466E-006,0
0.750443161,0.5213080645,3.9788098497911E-006,7.95761969958221E-006,3.9788098497911E-006,1.59152393991644E-005,0,0,0,3.9788098497911E-006,0,0
0.750443161,0.5213140249,0,1.790464432406E-005,5.96821477468666E-006,1.19364295493733E-005,0,0,0,0,0,0
0.750443161,0.5213199854,2.10642874400705E-006,2.10642874400705E-006,1.05321437200353E-005,4.21285748801411E-006,4.21285748801411E-006,2.10642874400705E-006,4.21285748801411E-006,2.10642874400705E-006,4.21285748801411E-006,0
0.750443161,0.5213259459,5.11561266401713E-006,0,1.02312253280343E-005,1.02312253280343E-005,0,5.11561266401713E-006,0,5.11561266401713E-006,0,0
0.750443161,0.5213319063,0,1.790464432406E-005,0,8.95232216202998E-006,8.95232216202998E-006,0,0,0,0,0
0.750443161,0.5213378668,0,0,1.19364295493733E-005,1.19364295493733E-005,0,0,1.19364295493733E-005,0,0,0
0.750443161,0.5213438272,1.40679348260471E-005,2.55780633200857E-006,8.95232216202998E-006,0,1.27890316600428E-006,5.11561266401713E-006,2.55780633200857E-006,0,1.27890316600428E-006,0
0.750443161,0.5213497877,0,0,0,1.790464432406E-005,8.95232216202998E-006,0,0,8.95232216202998E-006,0,0
0.750443161,0.5213557482,7.16185772962399E-006,0,0,7.16185772962399E-006,7.16185772962399E-006,0,7.16185772962399E-006,0,7.16185772962399E-006,0
0.750443161,0.5213617086,0,0,1.19364295493733E-005,0,2.38728590987466E-005,0,0,0,0,0
0.750443161,0.5213676691,1.19364295493733E-005,7.95761969958221E-006,7.95761969958221E-006,0,7.95761969958221E-006,0,0,0,0,0
0.750443161,0.5213736296,1.4323715459248E-005,0,7.16185772962399E-006,1.4323715459248E-005,0,0,0,0,0,0
0.750443161,0.52137959,6.71424162152249E-006,4.47616108101499E-006,6.71424162152249E-006,1.3428483243045E-005,0,2.2380805405075E-006,0,0,2.2380805405075E-006,0
0.750443161,0.5213855505,0,0,1.790464432406E-005,8.95232216202998E-006,0,0,8.95232216202998E-006,0,0,0
0.750443161,0.521391511,0,0,1.790464432406E-005,1.790464432406E-005,0,0,0,0,0,0
0.750443161,0.5213974714,0,0,0,0,0,0,0,0,0,0
0.7504348762,0.5212842226,1.1936118029077E-005,7.95741201938468E-006,3.97870600969234E-006,3.97870600969234E-006,0,0,3.97870600969234E-006,0,3.97870600969234E-006,0
0.7504348762,0.5212901831,0.000010231,2.55773957765936E-006,1.53464374659562E-005,7.67321873297808E-006,0,0,0,0,0,0
0.7504348762,0.5212961435,1.13935672095735E-005,3.25530491702101E-006,1.13935672095735E-005,3.25530491702101E-006,0,3.25530491702101E-006,1.6276524585105E-006,0,1.6276524585105E-006,0
0.7504348762,0.521302104,9.76591475106302E-006,1.6276524585105E-006,9.76591475106302E-006,8.13826229255252E-006,0,0.000004883,0,0,1.6276524585105E-006,0
0.7504348762,0.5213080645,9.94676502423085E-006,3.97870600969234E-006,3.97870600969234E-006,5.96805901453851E-006,3.97870600969234E-006,5.96805901453851E-006,1.98935300484617E-006,0,0,0
0.7504348762,0.5213140249,1.1936118029077E-005,7.95741201938468E-006,0,1.59148240387694E-005,0,0,0,0,0,0
0.7504348762,0.5213199854,9.94676502423085E-006,9.94676502423085E-006,3.97870600969234E-006,9.94676502423085E-006,0,1.98935300484617E-006,0,0,0,0
0.7504348762,0.5213259459,0.000004476,0.000004476,8.95208852180777E-006,1.34281327827116E-005,0,0.000004476,0,0,0,0
0.7504348762,0.5213319063,1.34281327827116E-005,0,0.000004476,0.000004476,8.95208852180777E-006,0,0,0,0.000004476,0
0.7504348762,0.5213378668,1.79041770436155E-005,0,1.1936118029077E-005,5.96805901453851E-006,0,0,0,0,0,0
0.7504348762,0.5213438272,9.42325107558712E-006,7.5386008604697E-006,1.13079012907045E-005,3.76930043023485E-006,0,1.88465021511742E-006,1.88465021511742E-006,0,0,0
0.7504348762,0.5213497877,1.43233416348924E-005,7.16167081744621E-006,0,7.16167081744621E-006,7.16167081744621E-006,0,0,0,0,0
0.7504348762,0.5213557482,0,3.97870600969234E-006,3.97870600969234E-006,3.97870600969234E-006,1.59148240387694E-005,0,3.97870600969234E-006,0,3.97870600969234E-006,0
0.7504348762,0.5213617086,0,7.16167081744621E-006,7.16167081744621E-006,0.000021485,0,0,0,0,0,0
0.7504348762,0.5213676691,3.97870600969234E-006,3.97870600969234E-006,7.95741201938468E-006,3.97870600969234E-006,0,7.95741201938468E-006,0,0,7.95741201938468E-006,0
0.7504348762,0.5213736296,3.58083540872311E-006,0,1.07425062261693E-005,1.07425062261693E-005,0,3.58083540872311E-006,3.58083540872311E-006,0,3.58083540872311E-006,0
0.7504348762,0.52137959,5.11547915531872E-006,8.52579859219787E-006,8.52579859219787E-006,3.41031943687915E-006,1.70515971843957E-006,1.70515971843957E-006,1.70515971843957E-006,1.70515971843957E-006,3.41031943687915E-006,0
0.7504348762,0.5213855505,0.000021485,0,7.16167081744621E-006,7.16167081744621E-006,0,0,0,0,0,0
0.7504348762,0.521391511,0,0,0,0.000021485,1.43233416348924E-005,0,0,0,0,0
0.7504348762,0.5213974714,0,0,0,0,0,0,3.58083540872311E-005,0,0,0
0.7504265914,0.5212842226,0.000007673,0,5.115345657054E-006,0.000015346,0,0,5.115345657054E-006,0,2.557672828527E-006,0
0.7504265914,0.5212901831,8.95185489984451E-006,8.95185489984451E-006,7.16148391987561E-006,1.7903709799689E-006,5.3711129399067E-006,0,1.7903709799689E-006,0,1.7903709799689E-006,0
0.7504265914,0.5212961435,5.65380309463863E-006,1.88460103154621E-006,1.13076061892773E-005,1.13076061892773E-005,1.88460103154621E-006,3.76920206309242E-006,0,0,0,0
0.7504265914,0.521302104,7.45987908320376E-006,7.45987908320376E-006,8.95185489984451E-006,4.47592744992225E-006,4.47592744992225E-006,0.000001492,0,0,0.000001492,0
0.7504265914,0.5213080645,9.87790885500083E-006,1.2347386068751E-006,8.64317024812573E-006,8.64317024812573E-006,3.70421582062531E-006,0,2.46947721375021E-006,0,1.2347386068751E-006,0
0.7504265914,0.5213140249,1.1935806533126E-005,4.7743226132504E-006,9.54864522650081E-006,7.16148391987561E-006,2.3871613066252E-006,0,0,0,0,0
0.7504265914,0.5213199854,5.967903266563E-006,7.16148391987561E-006,3.5807419599378E-006,4.7743226132504E-006,4.7743226132504E-006,1.1935806533126E-006,0,0,8.35506457318821E-006,0
0.7504265914,0.5213259459,0.000006631,3.97860217770867E-006,2.65240145180578E-006,7.95720435541734E-006,7.95720435541734E-006,2.65240145180578E-006,0,0,3.97860217770867E-006,0
0.7504265914,0.5213319063,1.11126474618759E-005,0.000004939,3.70421582062531E-006,1.2347386068751E-006,2.46947721375021E-006,8.64317024812573E-006,2.46947721375021E-006,0,1.2347386068751E-006,0
0.7504265914,0.5213378668,1.7903709799689E-005,3.5807419599378E-006,3.5807419599378E-006,1.1935806533126E-006,0,7.16148391987561E-006,1.1935806533126E-006,0,1.1935806533126E-006,0
0.7504265914,0.5213438272,1.07422258798134E-005,1.7903709799689E-006,0.000014323,5.3711129399067E-006,1.7903709799689E-006,0,1.7903709799689E-006,0,0,0
0.7504265914,0.5213497877,0.000014323,3.5807419599378E-006,0,3.5807419599378E-006,0.000014323,0,0,0,0,0
0.7504265914,0.5213557482,5.65380309463863E-006,5.65380309463863E-006,5.65380309463863E-006,1.13076061892773E-005,7.53840412618485E-006,0,0,0,0,0
0.7504265914,0.5213617086,2.557672828527E-006,0,0.000007673,0.000015346,5.115345657054E-006,0,2.557672828527E-006,2.557672828527E-006,0,0
0.7504265914,0.5213676691,1.0230691314108E-005,1.705115219018E-006,3.410230438036E-006,1.1935806533126E-005,3.410230438036E-006,1.705115219018E-006,1.705115219018E-006,1.705115219018E-006,0,0
0.7504265914,0.5213736296,7.95720435541734E-006,0.000006631,9.28340508132023E-006,2.65240145180578E-006,1.32620072590289E-006,2.65240145180578E-006,2.65240145180578E-006,0,2.65240145180578E-006,0
0.7504265914,0.52137959,2.557672828527E-006,0.000007673,1.2788364142635E-005,2.557672828527E-006,0,2.557672828527E-006,0,0,0.000007673,0
0.7504265914,0.5213855505,5.967903266563E-006,5.967903266563E-006,1.7903709799689E-005,0,5.967903266563E-006,0,0,0,0,0
0.7504265914,0.521391511,0.000014323,0,0,7.16148391987561E-006,0,0,0,7.16148391987561E-006,7.16148391987561E-006,0
0.7504265914,0.5213974714,0,0,0,0,3.5807419599378E-005,0,0,0,0,0
0.7504183067,0.5212842226,0,9.64020754968757E-006,1.2394552563884E-005,1.10173800567858E-005,0,1.37717250709822E-006,1.37717250709822E-006,0,0,0
0.7504183067,0.5212901831,1.07419455553662E-005,1.79032425922769E-006,1.07419455553662E-005,8.95162129613846E-006,1.79032425922769E-006,0,0,0,1.79032425922769E-006,0
0.7504183067,0.5212961435,0.000012788,5.11521216922198E-006,5.11521216922198E-006,0.000012788,0,0,0,0,0,0
0.7504183067,0.521302104,1.34274319442077E-005,4.47581064806923E-006,4.47581064806923E-006,5.96774753075897E-006,7.45968441344872E-006,0,0,0,0,0
0.7504183067,0.5213080645,1.40668334653604E-005,2.55760608461099E-006,1.0230424338444E-005,3.83640912691648E-006,1.27880304230549E-006,1.27880304230549E-006,0,1.27880304230549E-006,1.27880304230549E-006,0
0.7504183067,0.5213140249,1.07419455553662E-005,1.19354950615179E-006,0.000013129,5.96774753075897E-006,3.58064851845538E-006,0,0,1.19354950615179E-006,0,0
0.7504183067,0.5213199854,8.35484654306256E-006,2.38709901230359E-006,0.000013129,4.77419802460718E-006,1.19354950615179E-006,1.19354950615179E-006,0,2.38709901230359E-006,2.38709901230359E-006,0
0.7504183067,0.5213259459,9.87765108539416E-006,2.46941277134854E-006,1.3581770242417E-005,2.46941277134854E-006,3.70411915702281E-006,2.46941277134854E-006,1.23470638567427E-006,0,0,0
0.7504183067,0.5213319063,9.54839604921436E-006,3.58064851845538E-006,7.16129703691077E-006,3.58064851845538E-006,1.19354950615179E-006,7.16129703691077E-006,1.19354950615179E-006,0,2.38709901230359E-006,0
0.7504183067,0.5213378668,1.3581770242417E-005,4.93882554269708E-006,2.46941277134854E-006,2.46941277134854E-006,0,6.17353192837135E-006,3.70411915702281E-006,1.23470638567427E-006,1.23470638567427E-006,0
0.7504183067,0.5213438272,1.00258158516751E-005,4.29677822214646E-006,1.00258158516751E-005,0.000005729,2.86451881476431E-006,1.43225940738215E-006,0,0,1.43225940738215E-006,0
0.7504183067,0.5213497877,0.000007957,0,0,3.97849835383931E-006,1.19354950615179E-005,0,0,3.97849835383931E-006,0.000007957,0
0.7504183067,0.5213557482,6.51027003355524E-006,3.25513501677762E-006,1.30205400671105E-005,0,6.51027003355524E-006,3.25513501677762E-006,0,0,0,3.25513501677762E-006
0.7504183067,0.5213617086,5.96774753075897E-006,1.79032425922769E-005,8.95162129613846E-006,2.98387376537949E-006,0,0,0,0,0,0
0.7504183067,0.5213676691,5.96774753075897E-006,0,1.19354950615179E-005,1.19354950615179E-005,0,2.98387376537949E-006,2.98387376537949E-006,0,0,0
0.7504183067,0.5213736296,1.0230424338444E-005,6.82028289229597E-006,1.0230424338444E-005,1.70507072307399E-006,1.70507072307399E-006,1.70507072307399E-006,0,0,3.41014144614798E-006,0
0.7504183067,0.52137959,0.000005371,1.25322698145938E-005,7.16129703691077E-006,7.16129703691077E-006,0,1.79032425922769E-006,0,0,1.79032425922769E-006,0
0.7504183067,0.5213855505,4.77419802460718E-006,1.19354950615179E-005,2.38709901230359E-006,2.38709901230359E-006,0,4.77419802460718E-006,4.77419802460718E-006,0,4.77419802460718E-006,0
0.7504183067,0.521391511,8.95162129613846E-006,8.95162129613846E-006,8.95162129613846E-006,0,0,0,0,8.95162129613846E-006,0,0
0.7504183067,0.5213974714,0,0,0,8.95162129613846E-006,0,0,8.95162129613846E-006,1.79032425922769E-005,0,0
0.7504100219,0.5212842226,1.23467416699143E-005,0,1.48160900038972E-005,0.000003704,1.23467416699143E-006,0,2.46934833398286E-006,0,1.23467416699143E-006,0
0.7504100219,0.5212901831,1.0609052101556E-005,0,1.19351836142505E-005,6.6306575634725E-006,5.304526050778E-006,0,0,0,1.3261315126945E-006,0
0.7504100219,0.5212961435,8.52513115303607E-006,0.000001705,8.52513115303607E-006,3.41005246121443E-006,1.19351836142505E-005,0,0.000001705,0,0,0
0.7504100219,0.521302104,8.35462852997535E-006,0,4.7740734457002E-006,4.7740734457002E-006,1.55157386985257E-005,1.19351836142505E-006,1.19351836142505E-006,0,0,0
0.7504100219,0.5213080645,7.67261803773246E-006,5.11507869182164E-006,5.11507869182164E-006,5.11507869182164E-006,1.27876967295541E-006,2.55753934591082E-006,0,6.39384836477706E-006,2.55753934591082E-006,0
0.7504100219,0.5213140249,6.17337083495716E-006,6.17337083495716E-006,0.000007408,0.000007408,2.46934833398286E-006,1.23467416699143E-006,0,0,4.93869666796573E-006,0
0.7504100219,0.5213199854,3.58055508427515E-006,3.58055508427515E-006,7.1611101685503E-006,3.58055508427515E-006,3.58055508427515E-006,3.58055508427515E-006,1.79027754213758E-006,7.1611101685503E-006,1.79027754213758E-006,0
0.7504100219,0.5213259459,1.19351836142505E-005,3.58055508427515E-006,1.31287019756756E-005,3.58055508427515E-006,1.19351836142505E-006,1.19351836142505E-006,0,0,1.19351836142505E-006,0
0.7504100219,0.5213319063,1.43222203371006E-005,1.19351836142505E-006,1.19351836142505E-005,1.19351836142505E-006,3.58055508427515E-006,0.000002387,0,0,1.19351836142505E-006,0
0.7504100219,0.5213378668,1.79027754213758E-005,5.96759180712525E-006,3.58055508427515E-006,0.000002387,1.19351836142505E-006,0.000002387,0,0,0.000002387,0
0.7504100219,0.5213438272,1.35814158369057E-005,1.23467416699143E-006,1.23467416699143E-006,1.11120675029229E-005,2.46934833398286E-006,0.000003704,2.46934833398286E-006,0,0,0
0.7504100219,0.5213497877,0,0,0,8.95138771068788E-006,0,0,8.95138771068788E-006,0,1.79027754213758E-005,0
0.7504100219,0.5213557482,7.1611101685503E-006,0,1.43222203371006E-005,0,7.1611101685503E-006,0,7.1611101685503E-006,0,0,0
0.7504100219,0.5213617086,8.26281942525035E-006,8.26281942525035E-006,1.10170925670005E-005,2.75427314175012E-006,5.50854628350023E-006,0,0,0,0,0
0.7504100219,0.5213676691,6.31862661930909E-006,1.26372532386182E-005,6.31862661930909E-006,6.31862661930909E-006,0,4.21241774620606E-006,0,0,0,0
0.7504100219,0.5213736296,7.1611101685503E-006,1.07416652528255E-005,8.35462852997535E-006,3.58055508427515E-006,0.000002387,3.58055508427515E-006,0,0,0,0
0.7504100219,0.52137959,0,0,7.1611101685503E-006,0,0,0,7.1611101685503E-006,7.1611101685503E-006,1.43222203371006E-005,0
0.7504100219,0.5213855505,7.1611101685503E-006,0,3.58055508427515E-006,3.58055508427515E-006,0,0,0,2.14833305056509E-005,0,0
0.7504100219,0.521391511,5.96759180712525E-006,5.96759180712525E-006,0,0,0,0,0,1.79027754213758E-005,5.96759180712525E-006,0
0.7504100219,0.5213974714,3.58055508427515E-006,3.58055508427515E-006,3.58055508427515E-006,7.1611101685503E-006,0,7.1611101685503E-006,0,0,1.07416652528255E-005,0
0.7504017371,0.5212842226,7.16092331479281E-006,7.16092331479281E-006,8.35441053392495E-006,9.54789775305708E-006,3.58046165739641E-006,0,0,0,0,0
0.7504017371,0.5212901831,1.25316158008874E-005,5.37069248609461E-006,5.37069248609461E-006,3.58046165739641E-006,3.58046165739641E-006,1.7902308286982E-006,0,3.58046165739641E-006,0,0
0.7504017371,0.5212961435,6.17320975413174E-006,1.23464195082635E-006,2.46928390165269E-006,0,2.59274809673533E-005,0,0,0,0,0
0.7504017371,0.521302104,4.21230783223107E-006,2.10615391611553E-006,6.3184617483466E-006,1.68492313289243E-005,2.10615391611553E-006,2.10615391611553E-006,0,0,2.10615391611553E-006,0
0.7504017371,0.5213080645,8.35441053392495E-006,3.58046165739641E-006,1.31283594104535E-005,5.96743609566068E-006,0.000002387,1.19348721913214E-006,0,1.19348721913214E-006,0,0
0.7504017371,0.5213140249,1.24537796779005E-005,3.11344491947514E-006,6.22688983895027E-006,9.34033475842541E-006,1.55672245973757E-006,0,0,3.11344491947514E-006,0,0
0.7504017371,0.5213199854,1.23464195082635E-005,7.40785170495808E-006,6.17320975413174E-006,4.93856780330539E-006,2.46928390165269E-006,0,1.23464195082635E-006,1.23464195082635E-006,0,0
0.7504017371,0.5213259459,1.55153338487178E-005,3.58046165739641E-006,0.000002387,1.07413849721892E-005,1.19348721913214E-006,0,1.19348721913214E-006,0,1.19348721913214E-006,0
0.7504017371,0.5213319063,8.35441053392495E-006,0.000002387,9.54789775305708E-006,8.35441053392495E-006,3.58046165739641E-006,1.19348721913214E-006,1.19348721913214E-006,0,1.19348721913214E-006,0
0.7504017371,0.5213378668,2.26762571635106E-005,0.000002387,7.16092331479281E-006,0,0,0,3.58046165739641E-006,0,0,0
0.7504017371,0.5213438272,1.43218466295856E-005,0.000002387,1.19348721913214E-005,0.000002387,3.58046165739641E-006,0,0,1.19348721913214E-006,0,0
0.7504017371,0.5213497877,5.65336051167854E-006,0,5.65336051167854E-006,7.53781401557138E-006,0,0,5.65336051167854E-006,0,1.13067210233571E-005,0
0.7504017371,0.5213557482,1.7902308286982E-005,0,0,1.7902308286982E-005,0,0,0,0,0,0
0.7504017371,0.5213617086,2.14827699443784E-005,7.16092331479281E-006,0,7.16092331479281E-006,0,0,0,0,0,0
0.7504017371,0.5213676691,1.28896619666271E-005,4.29655398887569E-006,1.00252926407099E-005,1.43218466295856E-006,2.86436932591713E-006,1.43218466295856E-006,1.43218466295856E-006,0,1.43218466295856E-006,0
0.7504017371,0.5213736296,1.06087752811745E-005,2.65219382029363E-006,9.28267837102772E-006,1.32609691014682E-006,2.65219382029363E-006,0,1.32609691014682E-006,1.32609691014682E-006,6.63048455073409E-006,0
0.7504017371,0.52137959,1.19348721913214E-005,1.19348721913214E-006,4.77394887652854E-006,1.19348721913214E-006,3.58046165739641E-006,0.000002387,1.19348721913214E-006,8.35441053392495E-006,1.19348721913214E-006,0
0.7504017371,0.5213855505,1.10168050996813E-005,2.75420127492031E-006,2.75420127492031E-006,5.50840254984063E-006,0,2.75420127492031E-006,2.75420127492031E-006,8.26260382476094E-006,0,0
0.7504017371,0.521391511,1.19348721913214E-005,1.19348721913214E-005,0,0,0,1.19348721913214E-005,0,0,0,0
0.7504017371,0.5213974714,7.16092331479281E-006,2.50632316017748E-005,0,0,0,3.58046165739641E-006,0,0,0,0
0.7503934523,0.5212842226,0,5.96728039636409E-006,0,1.19345607927282E-005,5.96728039636409E-006,5.96728039636409E-006,5.96728039636409E-006,0,0,0
0.7503934523,0.5212901831,4.47546029727307E-006,0,4.47546029727307E-006,1.79018411890923E-005,6.7131904459096E-006,2.23773014863653E-006,0,0,0,0
0.7503934523,0.5212961435,3.58036823781845E-006,1.19345607927282E-006,7.16073647563691E-006,1.43214729512738E-005,7.16073647563691E-006,0,1.19345607927282E-006,1.19345607927282E-006,0,0
0.7503934523,0.521302104,4.88232032429789E-006,1.6274401080993E-006,9.76464064859578E-006,1.95292812971916E-005,0,0,0,0,0,0
0.7503934523,0.5213080645,7.40765842307266E-006,2.46921947435755E-006,4.93843894871511E-006,1.48153168461453E-005,1.23460973717878E-006,0,0,4.93843894871511E-006,0,0
0.7503934523,0.5213140249,3.25488021619859E-006,3.25488021619859E-006,6.50976043239719E-006,1.6274401080993E-005,0,0,3.25488021619859E-006,0,3.25488021619859E-006,0
0.7503934523,0.5213199854,5.96728039636409E-006,4.47546029727307E-006,7.45910049545511E-006,1.04427406936372E-005,7.45910049545511E-006,0,0,0,0,0
0.7503934523,0.5213259459,1.48153168461453E-005,0,4.93843894871511E-006,1.23460973717878E-005,0,0,3.70382921153633E-006,0,0,0
0.7503934523,0.5213319063,9.54764863418254E-006,3.58036823781845E-006,1.07411047134554E-005,3.58036823781845E-006,4.77382431709127E-006,2.38691215854563E-006,1.19345607927282E-006,0,0,0
0.7503934523,0.5213378668,1.97537557948604E-005,1.23460973717878E-006,8.64226816025144E-006,2.46921947435755E-006,2.46921947435755E-006,0,0,0,1.23460973717878E-006,0
0.7503934523,0.5213438272,7.16073647563691E-006,2.38691215854563E-006,2.02887533476379E-005,2.38691215854563E-006,2.38691215854563E-006,0,1.19345607927282E-006,0,0,0
0.7503934523,0.5213497877,8.35419255490973E-006,0,1.07411047134554E-005,2.38691215854563E-006,1.19345607927282E-006,1.19345607927282E-006,5.96728039636409E-006,0,5.96728039636409E-006,0
0.7503934523,0.5213557482,3.25488021619859E-006,3.25488021619859E-006,6.50976043239719E-006,1.30195208647944E-005,0,0,0,0,9.76464064859578E-006,0
0.7503934523,0.5213617086,5.96728039636409E-006,0,5.96728039636409E-006,0,0,1.19345607927282E-005,0,0,1.19345607927282E-005,0
0.7503934523,0.5213676691,5.11481176831208E-006,8.52468628052013E-006,5.11481176831208E-006,6.8197490244161E-006,3.40987451220805E-006,0,1.70493725610403E-006,3.40987451220805E-006,1.70493725610403E-006,0
0.7503934523,0.5213736296,5.96728039636409E-006,3.58036823781845E-006,8.35419255490973E-006,7.16073647563691E-006,1.19345607927282E-006,3.58036823781845E-006,0,3.58036823781845E-006,2.38691215854563E-006,0
0.7503934523,0.52137959,5.96728039636409E-006,5.96728039636409E-006,5.96728039636409E-006,7.16073647563691E-006,2.38691215854563E-006,3.58036823781845E-006,0,2.38691215854563E-006,2.38691215854563E-006,0
0.7503934523,0.5213855505,5.96728039636409E-006,9.54764863418254E-006,9.54764863418254E-006,3.58036823781845E-006,0,2.38691215854563E-006,2.38691215854563E-006,0,2.38691215854563E-006,0
0.7503934523,0.521391511,8.95092059454613E-006,8.95092059454613E-006,2.98364019818204E-006,7.45910049545511E-006,1.49182009909102E-006,4.47546029727307E-006,1.49182009909102E-006,0,0,0
0.7503934523,0.5213974714,9.63945294797276E-006,6.88532353426626E-006,8.26238824111951E-006,1.37706470685325E-006,2.7541294137065E-006,1.37706470685325E-006,2.7541294137065E-006,1.37706470685325E-006,1.37706470685325E-006,0
0.7503851675,0.5212842226,0,3.58027482554059E-006,7.16054965108118E-006,3.58027482554059E-006,2.14816489532435E-005,0,0,0,0,0
0.7503851675,0.5212901831,4.47534353192574E-006,8.95068706385148E-006,4.47534353192574E-006,4.47534353192574E-006,4.47534353192574E-006,0,0,4.47534353192574E-006,4.47534353192574E-006,0
0.7503851675,0.5212961435,6.1728876302424E-006,1.48149303125818E-005,2.46915505209696E-006,0.000008642,3.70373257814544E-006,0,0,0,0,0
0.7503851675,0.521302104,5.11467832220084E-006,2.55733916110042E-006,0.000007672,1.02293566444017E-005,5.11467832220084E-006,0,2.55733916110042E-006,0,2.55733916110042E-006,0
0.7503851675,0.5213080645,2.98356235461716E-006,1.19342494184686E-005,5.96712470923432E-006,1.19342494184686E-005,0,0,2.98356235461716E-006,0,0,0
0.7503851675,0.5213140249,5.96712470923432E-006,3.97808313948955E-006,3.97808313948955E-006,1.7901374127703E-005,0.000001989,0.000001989,0,0,0,0
0.7503851675,0.5213199854,4.47534353192574E-006,1.49178117730858E-006,8.95068706385148E-006,1.19342494184686E-005,1.49178117730858E-006,1.49178117730858E-006,2.98356235461716E-006,2.98356235461716E-006,0,0
0.7503851675,0.5213259459,1.43210993021624E-005,0,1.07408244766218E-005,3.58027482554059E-006,3.58027482554059E-006,0,1.19342494184686E-006,0,2.38684988369373E-006,0
0.7503851675,0.5213319063,5.96712470923432E-006,4.77369976738746E-006,9.54739953477491E-006,9.54739953477491E-006,2.38684988369373E-006,0,0,1.19342494184686E-006,2.38684988369373E-006,0
0.7503851675,0.5213378668,5.96712470923432E-006,1.19342494184686E-006,1.31276743603155E-005,2.38684988369373E-006,5.96712470923432E-006,1.19342494184686E-006,2.38684988369373E-006,1.19342494184686E-006,2.38684988369373E-006,0
0.7503851675,0.5213438272,7.16054965108118E-006,0,1.7901374127703E-005,1.19342494184686E-006,1.19342494184686E-006,1.19342494184686E-006,1.19342494184686E-006,1.19342494184686E-006,4.77369976738746E-006,0
0.7503851675,0.5213497877,1.72840853646787E-005,0,6.1728876302424E-006,0,1.23457752604848E-006,1.23457752604848E-006,3.70373257814544E-006,1.23457752604848E-006,4.93831010419392E-006,0
0.7503851675,0.5213557482,1.07408244766218E-005,2.38684988369373E-006,0.000008354,2.38684988369373E-006,0,2.38684988369373E-006,0,0.000008354,1.19342494184686E-006,0
0.7503851675,0.5213617086,5.96712470923432E-006,4.77369976738746E-006,5.96712470923432E-006,4.77369976738746E-006,2.38684988369373E-006,1.19342494184686E-006,0,7.16054965108118E-006,3.58027482554059E-006,0
0.7503851675,0.5213676691,1.19342494184686E-005,2.38684988369373E-006,2.38684988369373E-006,4.77369976738746E-006,0,5.96712470923432E-006,1.19342494184686E-006,2.38684988369373E-006,4.77369976738746E-006,0
0.7503851675,0.5213736296,1.72840853646787E-005,2.46915505209696E-006,6.1728876302424E-006,0,1.23457752604848E-006,1.23457752604848E-006,0,7.40746515629088E-006,0,0
0.7503851675,0.52137959,4.93831010419392E-006,0.000008642,6.1728876302424E-006,3.70373257814544E-006,1.23457752604848E-006,4.93831010419392E-006,0,2.46915505209696E-006,3.70373257814544E-006,0
0.7503851675,0.5213855505,0.000008642,2.46915505209696E-006,9.87662020838784E-006,0.000008642,0,1.23457752604848E-006,0,2.46915505209696E-006,2.46915505209696E-006,0
0.7503851675,0.521391511,5.11467832220084E-006,0.000007672,8.95068706385148E-006,6.39334790275106E-006,2.55733916110042E-006,1.27866958055021E-006,1.27866958055021E-006,0,2.55733916110042E-006,0
0.7503851675,0.5213974714,3.58027482554059E-006,1.43210993021624E-005,4.77369976738746E-006,4.77369976738746E-006,1.19342494184686E-006,2.38684988369373E-006,2.38684988369373E-006,2.38684988369373E-006,0,0
0.7503768828,0.5212842226,0.000008424,0,1.26359344255134E-005,0.000008424,0,0.000002106,0,0,0.000004212,0
0.7503768828,0.5212901831,7.16036284112425E-006,0.000005967,4.77357522741617E-006,1.19339380685404E-005,4.77357522741617E-006,1.19339380685404E-006,0,0,0,0
0.7503768828,0.5212961435,1.43207256822485E-005,1.19339380685404E-006,7.16036284112425E-006,0.000005967,3.58018142056212E-006,0,1.19339380685404E-006,1.19339380685404E-006,1.19339380685404E-006,0
0.7503768828,0.521302104,2.38678761370808E-006,0,4.77357522741617E-006,8.35375664797829E-006,2.38678761370808E-006,1.19339380685404E-006,0,1.43207256822485E-005,2.38678761370808E-006,0
0.7503768828,0.5213080645,1.49174225856755E-006,1.64091648442431E-005,1.49174225856755E-006,7.45871129283776E-006,4.47522677570266E-006,1.49174225856755E-006,0,0,2.9834845171351E-006,0
0.7503768828,0.5213140249,0,3.58018142056212E-006,7.16036284112425E-006,2.14810885233727E-005,0,0,0,0,3.58018142056212E-006,0
0.7503768828,0.5213199854,2.38678761370808E-006,4.77357522741617E-006,7.16036284112425E-006,9.54715045483233E-006,2.38678761370808E-006,0,0,4.77357522741617E-006,4.77357522741617E-006,0
0.7503768828,0.5213259459,4.93818126974086E-006,1.23454531743522E-006,2.46909063487043E-006,1.11109078569169E-005,1.11109078569169E-005,1.23454531743522E-006,0,0,3.70363595230565E-006,0
0.7503768828,0.5213319063,0.000003978,0.000001326,0.000009282,1.59119174247206E-005,0.000002652,0,0,0,0.000002652,0
0.7503768828,0.5213378668,0.000005967,1.19339380685404E-006,9.54715045483233E-006,1.07405442616864E-005,2.38678761370808E-006,0,2.38678761370808E-006,0,3.58018142056212E-006,0
0.7503768828,0.5213438272,6.17272658717608E-006,0,1.48145438092226E-005,6.17272658717608E-006,1.23454531743522E-006,0,2.46909063487043E-006,1.23454531743522E-006,3.70363595230565E-006,0
0.7503768828,0.5213497877,7.40727190461129E-006,1.23454531743522E-006,8.64181722204651E-006,6.17272658717608E-006,2.46909063487043E-006,1.23454531743522E-006,0,4.93818126974086E-006,3.70363595230565E-006,0
0.7503768828,0.5213557482,1.19339380685404E-005,0,1.31273318753945E-005,4.77357522741617E-006,2.38678761370808E-006,0,1.19339380685404E-006,1.19339380685404E-006,1.19339380685404E-006,0
0.7503768828,0.5213617086,1.55141194891025E-005,2.38678761370808E-006,8.35375664797829E-006,0,1.19339380685404E-006,1.19339380685404E-006,0,0.000005967,1.19339380685404E-006,0
0.7503768828,0.5213676691,1.19339380685404E-005,2.38678761370808E-006,0.000005967,4.77357522741617E-006,1.19339380685404E-006,2.38678761370808E-006,0,2.38678761370808E-006,4.77357522741617E-006,0
0.7503768828,0.5213736296,9.87636253948172E-006,0,3.70363595230565E-006,2.46909063487043E-006,0,0,0,1.85181797615282E-005,1.23454531743522E-006,0
0.7503768828,0.52137959,1.07405442616864E-005,1.19339380685404E-006,9.54715045483233E-006,2.38678761370808E-006,1.19339380685404E-006,0.000005967,2.38678761370808E-006,1.19339380685404E-006,1.19339380685404E-006,0
0.7503768828,0.5213855505,4.93818126974086E-006,6.17272658717608E-006,1.23454531743522E-005,3.70363595230565E-006,2.46909063487043E-006,2.46909063487043E-006,0,0,3.70363595230565E-006,0
0.7503768828,0.521391511,6.22640247054282E-006,0.000007783,0.000015566,3.11320123527141E-006,0,0,0,3.11320123527141E-006,0,0
0.7503768828,0.5213974714,2.9834845171351E-006,2.38678761370808E-005,0.000005967,0,0,0,2.9834845171351E-006,0,0,0
0.750368598,0.5212842226,2.38672534858824E-006,3.58008802288235E-006,8.35353872005883E-006,9.54690139435294E-006,5.96681337147059E-006,0,2.38672534858824E-006,2.38672534858824E-006,1.19336267429412E-006,0
0.750368598,0.5212901831,4.77345069717647E-006,9.54690139435294E-006,7.16017604576471E-006,9.54690139435294E-006,2.38672534858824E-006,0,1.19336267429412E-006,0,1.19336267429412E-006,0
0.750368598,0.5212961435,4.47511002860294E-006,2.23755501430147E-006,1.79004401144118E-005,4.47511002860294E-006,4.47511002860294E-006,0,2.23755501430147E-006,0,0,0
0.750368598,0.521302104,8.95022005720588E-006,0,8.95022005720588E-006,1.19336267429412E-005,2.98340668573529E-006,0,0,0,2.98340668573529E-006,0
0.750368598,0.5213080645,7.16017604576471E-006,4.77345069717647E-006,9.54690139435294E-006,7.16017604576471E-006,2.38672534858824E-006,0,1.19336267429412E-006,1.19336267429412E-006,2.38672534858824E-006,0
0.750368598,0.5213140249,4.13087079563349E-006,8.26174159126697E-006,1.10156554550226E-005,5.50782772751131E-006,0,4.13087079563349E-006,2.75391386375566E-006,0,0,0
0.750368598,0.5213199854,6.2262400397954E-006,1.55656000994885E-006,1.08959200696419E-005,9.3393600596931E-006,3.1131200198977E-006,0,0,4.66968002984655E-006,0,0
0.750368598,0.5213259459,2.55720573063025E-006,2.55720573063025E-006,2.55720573063025E-006,0.000012786,1.0228822922521E-005,0,0,2.55720573063025E-006,2.55720573063025E-006,0
0.750368598,0.5213319063,8.6415917793712E-006,0.000002469,0.000002469,1.35796442247262E-005,7.40707866803246E-006,0,0,0,1.23451311133874E-006,0
0.750368598,0.5213378668,5.96681337147059E-006,1.19336267429412E-006,2.14805281372941E-005,3.58008802288235E-006,2.38672534858824E-006,0,1.19336267429412E-006,0,0,0
0.750368598,0.5213438272,9.87610489070994E-006,0.000002469,1.48141573360649E-005,3.70353933401623E-006,1.23451311133874E-006,0,1.23451311133874E-006,0,0.000002469,0
0.750368598,0.5213497877,6.17256555669371E-006,1.23451311133874E-006,1.11106180020487E-005,1.23451311133874E-005,1.23451311133874E-006,1.23451311133874E-006,0,0.000002469,0,0
0.750368598,0.5213557482,1.19336267429412E-005,4.77345069717647E-006,8.35353872005883E-006,5.96681337147059E-006,1.19336267429412E-006,1.19336267429412E-006,0,2.38672534858824E-006,0,0
0.750368598,0.5213617086,1.43203520915294E-005,4.77345069717647E-006,8.35353872005883E-006,0,1.19336267429412E-006,4.77345069717647E-006,1.19336267429412E-006,0,1.19336267429412E-006,0
0.750368598,0.5213676691,1.90938027887059E-005,3.58008802288235E-006,1.19336267429412E-006,0,5.96681337147059E-006,3.58008802288235E-006,1.19336267429412E-006,0,1.19336267429412E-006,0
0.750368598,0.5213736296,1.07402640686471E-005,0,1.07402640686471E-005,2.38672534858824E-006,0,1.19336267429412E-006,0,8.35353872005883E-006,2.38672534858824E-006,0
0.750368598,0.52137959,1.23451311133874E-005,1.23451311133874E-006,0.000002469,6.17256555669371E-006,0.000002469,7.40707866803246E-006,1.23451311133874E-006,1.23451311133874E-006,1.23451311133874E-006,0
0.750368598,0.5213855505,6.17256555669371E-006,4.93805244535497E-006,3.70353933401623E-006,4.93805244535497E-006,7.40707866803246E-006,3.70353933401623E-006,1.23451311133874E-006,0,3.70353933401623E-006,0
0.750368598,0.521391511,0,1.79004401144118E-005,0,1.79004401144118E-005,0,0,0,0,0,0
0.750368598,0.5213974714,0,1.79004401144118E-005,0,0,0,0,0,1.79004401144118E-005,0,0
0.7503603132,0.5212842226,0,1.23448090775882E-005,0,6.17240453879411E-006,0,0,0,1.60482518008647E-005,1.23448090775882E-006,0
0.7503603132,0.5212901831,3.25454057500053E-006,0,1.30181623000021E-005,6.50908115000106E-006,9.76362172500159E-006,0,0,3.25454057500053E-006,0,0
0.7503603132,0.5212961435,0,1.53428341392882E-005,0,1.53428341392882E-005,0,0,0,0,5.1142780464294E-006,0
0.7503603132,0.521302104,2.5571390232147E-006,0,2.5571390232147E-006,2.04571121857176E-005,0,2.5571390232147E-006,0,2.5571390232147E-006,5.1142780464294E-006,0
0.7503603132,0.5213080645,0,4.77332617666744E-006,0.00000716,0.00001432,0.00000716,0,0,0,2.38666308833372E-006,0
0.7503603132,0.5213140249,3.83570853482205E-006,5.1142780464294E-006,1.15071256044662E-005,0.00000895,3.83570853482205E-006,0,1.27856951160735E-006,0,1.27856951160735E-006,0
0.7503603132,0.5213199854,1.48137708931059E-005,3.70344272327647E-006,7.40688544655293E-006,0.000002469,4.93792363103529E-006,0,0,0.000002469,0,0
0.7503603132,0.5213259459,2.02866362508366E-005,0.00000358,5.9666577208343E-006,2.38666308833372E-006,1.19333154416686E-006,2.38666308833372E-006,0,0,0,0
0.7503603132,0.5213319063,1.31266469858355E-005,0,1.19333154416686E-005,0.00000358,0.00000358,1.19333154416686E-006,0,0,2.38666308833372E-006,0
0.7503603132,0.5213378668,1.31266469858355E-005,0,0.00001432,2.38666308833372E-006,1.19333154416686E-006,0.00000358,0,0,1.19333154416686E-006,0
0.7503603132,0.5213438272,0.00000716,5.9666577208343E-006,0.00001432,0.00000358,0.00000358,0,0,0,1.19333154416686E-006,0
0.7503603132,0.5213497877,3.83570853482205E-006,2.5571390232147E-006,2.5571390232147E-006,1.66214036508956E-005,2.5571390232147E-006,0,1.27856951160735E-006,3.83570853482205E-006,2.5571390232147E-006,0
0.7503603132,0.5213557482,1.49166443020858E-006,0,2.98332886041715E-006,7.45832215104288E-006,1.49166443020858E-006,2.98332886041715E-006,2.98332886041715E-006,1.044165101146E-005,5.9666577208343E-006,0
0.7503603132,0.5213617086,0.00000716,0.000002864,0.000001432,0.00000716,0.000002864,0.000002864,0,0.000008592,0.000002864,0
0.7503603132,0.5213676691,1.11103281698294E-005,0.000002469,3.70344272327647E-006,0.000002469,3.70344272327647E-006,0.000002469,0,8.64136635431175E-006,1.23448090775882E-006,0
0.7503603132,0.5213736296,1.31266469858355E-005,1.19333154416686E-006,0.00000716,1.19333154416686E-006,0.00000358,0.00000716,1.19333154416686E-006,0,1.19333154416686E-006,0
0.7503603132,0.52137959,9.54665235333489E-006,2.38666308833372E-006,0.00000358,1.19333154416686E-006,0,0.0000179,0,0,1.19333154416686E-006,0
0.7503603132,0.5213855505,3.4095186976196E-006,1.7047593488098E-006,3.4095186976196E-006,3.4095186976196E-006,1.7047593488098E-006,1.53428341392882E-005,0,1.7047593488098E-006,5.1142780464294E-006,0
0.7503603132,0.521391511,0,0,0.00000716,0,0.00000716,0,0.00002148,0,0,0
0.7503603132,0.5213974714,1.19333154416686E-005,1.19333154416686E-005,5.9666577208343E-006,0,0,0,0,0,5.9666577208343E-006,0
0.7503520284,0.5212842226,0,0,1.19330041647204E-006,0,3.57990124941611E-006,0,0,3.1025810828273E-005,0,0
0.7503520284,0.5212901831,0,0,0.000023866,0,5.96650208236019E-006,0,0,5.96650208236019E-006,0,0
0.7503520284,0.5212961435,0,7.15980249883223E-006,0,1.67062058306085E-005,7.15980249883223E-006,2.38660083294407E-006,2.38660083294407E-006,0,0,0
0.7503520284,0.521302104,2.98325104118009E-006,2.98325104118009E-006,8.94975312354028E-006,0.000011933,5.96650208236019E-006,2.98325104118009E-006,0,0,0,0
0.7503520284,0.5213080645,3.25445568128737E-006,3.25445568128737E-006,3.25445568128737E-006,2.6035645450299E-005,0,0,0,0,0,0
0.7503520284,0.5213140249,6.31747279308726E-006,2.10582426436242E-006,4.21164852872484E-006,8.42329705744968E-006,8.42329705744968E-006,0,4.21164852872484E-006,2.10582426436242E-006,0,0
0.7503520284,0.5213199854,8.35310291530426E-006,7.15980249883223E-006,8.35310291530426E-006,7.15980249883223E-006,2.38660083294407E-006,1.19330041647204E-006,0,1.19330041647204E-006,0,0
0.7503520284,0.5213259459,0.00001111,1.23444870669521E-006,4.93779482678085E-006,8.64114094686648E-006,7.40669224017127E-006,2.46889741339042E-006,0,0,0,0
0.7503520284,0.5213319063,7.15980249883223E-006,0,9.5464033317763E-006,4.77320166588815E-006,7.15980249883223E-006,0,4.77320166588815E-006,0,2.38660083294407E-006,0
0.7503520284,0.5213378668,1.67062058306085E-005,1.19330041647204E-006,7.15980249883223E-006,3.57990124941611E-006,5.96650208236019E-006,1.19330041647204E-006,0,0,0,0
0.7503520284,0.5213438272,1.48133844803425E-005,1.23444870669521E-006,1.23444870669521E-005,1.23444870669521E-006,0,1.23444870669521E-006,1.23444870669521E-006,1.23444870669521E-006,2.46889741339042E-006,0
0.7503520284,0.5213497877,1.31263045811924E-005,0,7.15980249883223E-006,3.57990124941611E-006,7.15980249883223E-006,0,1.19330041647204E-006,2.38660083294407E-006,1.19330041647204E-006,0
0.7503520284,0.5213557482,4.93779482678085E-006,3.70334612008563E-006,2.46889741339042E-006,9.87558965356169E-006,2.46889741339042E-006,2.46889741339042E-006,3.70334612008563E-006,2.46889741339042E-006,3.70334612008563E-006,0
0.7503520284,0.5213617086,3.57990124941611E-006,3.57990124941611E-006,7.15980249883223E-006,1.07397037482483E-005,0,0,7.15980249883223E-006,0,3.57990124941611E-006,0
0.7503520284,0.5213676691,0.000011933,3.97766805490679E-006,2.65177870327119E-006,5.30355740654239E-006,2.65177870327119E-006,1.3258893516356E-006,2.65177870327119E-006,2.65177870327119E-006,2.65177870327119E-006,0
0.7503520284,0.5213736296,7.15980249883223E-006,0,3.57990124941611E-006,1.19330041647204E-006,2.38660083294407E-006,1.90928066635526E-005,1.19330041647204E-006,0,1.19330041647204E-006,0
0.7503520284,0.52137959,7.95533610981358E-006,1.9888340274534E-006,1.9888340274534E-006,5.96650208236019E-006,1.9888340274534E-006,9.94417013726698E-006,3.97766805490679E-006,0,1.9888340274534E-006,0
0.7503520284,0.5213855505,0.000011933,2.65177870327119E-006,5.30355740654239E-006,2.65177870327119E-006,2.65177870327119E-006,7.95533610981358E-006,2.65177870327119E-006,0,0,0
0.7503520284,0.521391511,9.28122546144918E-006,6.62944675817799E-006,0.000011933,2.65177870327119E-006,0,5.30355740654239E-006,0,0,0,0
0.7503520284,0.5213974714,0.000011933,0.000011933,0,0,3.97766805490679E-006,0,3.97766805490679E-006,0,3.97766805490679E-006,0
0.7503437436,0.5212842226,3.70324952444301E-006,0,1.23441650814767E-006,1.23441650814767E-006,1.23441650814767E-006,0,1.23441650814767E-006,2.71571631792488E-005,0,0
0.7503437436,0.5212901831,5.96634645604708E-006,0,0,0.000017899,5.96634645604708E-006,0,0,5.96634645604708E-006,0,0
0.7503437436,0.5212961435,0,0,0,0,3.57980787362825E-005,0,0,0,0,0
0.7503437436,0.521302104,0.000005114,0.000010228,0.000002557,0.000015342,0.000002557,0,0,0,0,0
0.7503437436,0.5213080645,4.66931461777597E-006,3.11287641185065E-006,9.33862923555195E-006,1.24515056474026E-005,4.66931461777597E-006,1.55643820592532E-006,0,0,0,0
0.7503437436,0.5213140249,8.35288503846591E-006,9.54615432967533E-006,0,0.000013126,2.38653858241883E-006,0,1.19326929120942E-006,0,1.19326929120942E-006,0
0.7503437436,0.5213199854,1.19326929120942E-005,3.57980787362825E-006,3.57980787362825E-006,8.35288503846591E-006,5.96634645604708E-006,0,2.38653858241883E-006,0,0,0
0.7503437436,0.5213259459,5.96634645604708E-006,2.38653858241883E-006,1.19326929120942E-005,3.57980787362825E-006,9.54615432967533E-006,1.19326929120942E-006,0,0,1.19326929120942E-006,0
0.7503437436,0.5213319063,8.35288503846591E-006,1.19326929120942E-006,9.54615432967533E-006,0,1.55125007857224E-005,0,0,0,1.19326929120942E-006,0
0.7503437436,0.5213378668,1.07394236208847E-005,1.19326929120942E-006,2.38653858241883E-006,4.77307716483766E-006,7.15961574725649E-006,3.57980787362825E-006,0,0,5.96634645604708E-006,0
0.7503437436,0.5213438272,1.07394236208847E-005,8.35288503846591E-006,1.07394236208847E-005,3.57980787362825E-006,0,1.19326929120942E-006,0,1.19326929120942E-006,0,0
0.7503437436,0.5213497877,1.60474146059197E-005,4.93766603259069E-006,4.93766603259069E-006,3.70324952444301E-006,4.93766603259069E-006,0,0,0,1.23441650814767E-006,0
0.7503437436,0.5213557482,1.60474146059197E-005,3.70324952444301E-006,8.6409155570337E-006,4.93766603259069E-006,0,0,2.46883301629534E-006,0,0,0
0.7503437436,0.5213617086,0.000007671,8.94951968407062E-006,8.94951968407062E-006,0.000005114,0,1.27850281201009E-006,0,1.27850281201009E-006,0.000002557,0
0.7503437436,0.5213676691,0,1.19326929120942E-005,5.96634645604708E-006,1.19326929120942E-005,0,0,0,0,5.96634645604708E-006,0
0.7503437436,0.5213736296,1.98878215201569E-006,1.98878215201569E-006,1.98878215201569E-006,1.98878215201569E-006,1.98878215201569E-006,2.18766036721726E-005,0,0,3.97756430403138E-006,0
0.7503437436,0.52137959,1.19326929120942E-005,1.19326929120942E-005,2.98317322802354E-006,0,0,5.96634645604708E-006,2.98317322802354E-006,0,0,0
0.7503437436,0.5213855505,0.000007671,3.83550843603026E-006,0.000007671,3.83550843603026E-006,0.000002557,0.000005114,1.27850281201009E-006,1.27850281201009E-006,0.000002557,0
0.7503437436,0.521391511,2.10576933742838E-005,6.31730801228514E-006,6.31730801228514E-006,0,2.10576933742838E-006,0,0,0,0,0
0.7503437436,0.5213974714,0,0.000010228,0.000015342,0.000005114,0.000005114,0,0,0,0,0
0.7503354589,0.5212842226,0,1.19323816837876E-005,2.9830954209469E-006,1.19323816837876E-005,5.96619084189381E-006,0,0,2.9830954209469E-006,0,0
0.7503354589,0.5212901831,0,0,0,1.43188580205451E-005,0,0,0,7.15942901027257E-006,1.43188580205451E-005,0
0.7503354589,0.5212961435,0,5.50725308482506E-006,2.75362654241253E-006,1.37681327120626E-005,1.10145061696501E-005,0,2.75362654241253E-006,0,0,0
0.7503354589,0.521302104,5.65218079758361E-006,9.42030132930602E-006,1.8840602658612E-006,1.31884218610284E-005,5.65218079758361E-006,0,0,0,0,0
0.7503354589,0.5213080645,8.26087962723758E-006,8.26087962723758E-006,8.26087962723758E-006,4.13043981361879E-006,1.37681327120626E-006,2.75362654241253E-006,0,1.37681327120626E-006,1.37681327120626E-006,0
0.7503354589,0.5213140249,8.35266717865133E-006,9.5459053470301E-006,0.000004773,3.57971450513629E-006,8.35266717865133E-006,0,1.19323816837876E-006,0,0,0
0.7503354589,0.5213199854,3.70315293634788E-006,4.93753724846384E-006,9.87507449692769E-006,3.70315293634788E-006,1.11094588090436E-005,1.23438431211596E-006,0,0,1.23438431211596E-006,0
0.7503354589,0.5213259459,3.57971450513629E-006,1.19323816837876E-006,2.38647633675752E-006,0,2.86377160410903E-005,0,0,0,0,0
0.7503354589,0.5213319063,7.40630587269576E-006,8.64069018481173E-006,6.1719215605798E-006,3.70315293634788E-006,4.93753724846384E-006,1.23438431211596E-006,1.23438431211596E-006,0,2.46876862423192E-006,0
0.7503354589,0.5213378668,9.5459053470301E-006,7.15942901027257E-006,5.96619084189381E-006,3.57971450513629E-006,1.19323816837876E-006,0.000004773,0,1.19323816837876E-006,2.38647633675752E-006,0
0.7503354589,0.5213438272,7.15942901027257E-006,2.38647633675752E-006,7.15942901027257E-006,7.15942901027257E-006,0.000004773,5.96619084189381E-006,0,0,1.19323816837876E-006,0
0.7503354589,0.5213497877,1.19323816837876E-005,2.38647633675752E-006,5.96619084189381E-006,7.15942901027257E-006,1.19323816837876E-006,0.000004773,0,1.19323816837876E-006,1.19323816837876E-006,0
0.7503354589,0.5213557482,5.11387786448041E-006,6.39234733060051E-006,1.2784694661201E-005,2.5569389322402E-006,1.2784694661201E-006,2.5569389322402E-006,0,1.2784694661201E-006,3.83540839836031E-006,0
0.7503354589,0.5213617086,1.02277557289608E-005,8.94928626284071E-006,7.67081679672061E-006,1.2784694661201E-006,2.5569389322402E-006,1.2784694661201E-006,1.2784694661201E-006,0,2.5569389322402E-006,0
0.7503354589,0.5213676691,8.26087962723758E-006,2.75362654241253E-006,0,8.26087962723758E-006,1.10145061696501E-005,0,0,0,5.50725308482506E-006,0
0.7503354589,0.5213736296,5.96619084189381E-006,0,1.19323816837876E-005,0,0,0,5.96619084189381E-006,0,1.19323816837876E-005,0
0.7503354589,0.52137959,5.11387786448041E-006,0,0,1.02277557289608E-005,0,0,1.02277557289608E-005,0,1.02277557289608E-005,0
0.7503354589,0.5213855505,0,0,1.78985725256814E-005,0,0,0,1.78985725256814E-005,0,0,0
0.7503354589,0.521391511,0,2.68478587885221E-005,0,8.94928626284071E-006,0,0,0,0,0,0
0.7503354589,0.5213974714,8.94928626284071E-006,8.94928626284071E-006,8.94928626284071E-006,8.94928626284071E-006,0,0,0,0,0,0
0.7503271741,0.5212842226,1.15059251055199E-005,2.5568722456711E-006,7.67061673701329E-006,8.94905285984884E-006,0,1.27843612283555E-006,1.27843612283555E-006,2.5568722456711E-006,0,0
0.7503271741,0.5212901831,7.67061673701329E-006,6.39218061417774E-006,7.67061673701329E-006,3.83530836850665E-006,6.39218061417774E-006,0,1.27843612283555E-006,2.5568722456711E-006,0,0
0.7503271741,0.5212961435,0,3.57962114393954E-006,1.07388634318186E-005,1.43184845757581E-005,3.57962114393954E-006,0,3.57962114393954E-006,0,0,0
0.7503271741,0.521302104,1.98867841329974E-006,0.000005966,0.000005966,1.98867841329974E-005,1.98867841329974E-006,0,0,0,0,0
0.7503271741,0.5213080645,2.65157121773299E-006,1.19320704797985E-005,5.30314243546598E-006,1.0606284870932E-005,2.65157121773299E-006,0,0,0,2.65157121773299E-006,0
0.7503271741,0.5213140249,7.15924228787907E-006,0.000005966,9.54565638383876E-006,8.35244933585892E-006,2.38641409595969E-006,1.19320704797985E-006,1.19320704797985E-006,0,0,0
0.7503271741,0.5213199854,3.83530836850665E-006,3.83530836850665E-006,5.11374449134219E-006,5.11374449134219E-006,1.4062797351191E-005,1.27843612283555E-006,0,1.27843612283555E-006,1.27843612283555E-006,0
0.7503271741,0.5213259459,1.27843612283555E-005,2.5568722456711E-006,2.5568722456711E-006,5.11374449134219E-006,7.67061673701329E-006,2.5568722456711E-006,0,0,2.5568722456711E-006,0
0.7503271741,0.5213319063,1.43184845757581E-005,1.19320704797985E-006,1.19320704797985E-006,2.38641409595969E-006,1.19320704797985E-006,1.31252775277783E-005,1.19320704797985E-006,0,1.19320704797985E-006,0
0.7503271741,0.5213378668,9.54565638383876E-006,4.77282819191938E-006,7.15924228787907E-006,1.19320704797985E-006,2.38641409595969E-006,9.54565638383876E-006,0,0,1.19320704797985E-006,0
0.7503271741,0.5213438272,1.48122254231981E-005,6.1717605929992E-006,7.40611271159904E-006,2.46870423719968E-006,0,2.46870423719968E-006,2.46870423719968E-006,0,0,0
0.7503271741,0.5213497877,8.94905285984884E-006,4.47452642992442E-006,6.71178964488663E-006,2.23726321496221E-006,4.47452642992442E-006,0,0,8.94905285984884E-006,0,0
0.7503271741,0.5213557482,2.75355472610734E-006,0,2.75355472610734E-006,5.50710945221467E-006,1.10142189044293E-005,2.75355472610734E-006,2.75355472610734E-006,2.75355472610734E-006,5.50710945221467E-006,0
0.7503271741,0.5213617086,0,0,1.59094273063979E-005,1.19320704797985E-005,0,0,3.97735682659948E-006,0,3.97735682659948E-006,0
0.7503271741,0.5213676691,0.000005966,0,0,0.000005966,0.000005966,0.000005966,0.000005966,0,0.000005966,0
0.7503271741,0.5213736296,3.57962114393954E-006,0,7.15924228787907E-006,8.94905285984884E-006,0,3.57962114393954E-006,8.94905285984884E-006,1.78981057196977E-006,1.78981057196977E-006,0
0.7503271741,0.52137959,4.47452642992442E-006,1.34235792897733E-005,0,4.47452642992442E-006,0,0,4.47452642992442E-006,0,8.94905285984884E-006,0
0.7503271741,0.5213855505,0,8.94905285984884E-006,0,1.78981057196977E-005,0,0,0,8.94905285984884E-006,0,0
0.7503271741,0.521391511,0,0,0,0,0,0,0,0,0,0
0.7503271741,0.5213974714,0,8.94905285984884E-006,0,0,8.94905285984884E-006,0,8.94905285984884E-006,8.94905285984884E-006,0,0
0.7503188893,0.5212842226,1.02272222572494E-005,3.83520834646853E-006,1.53408333858741E-005,2.55680556431235E-006,0,0,0,1.27840278215618E-006,2.55680556431235E-006,0
0.7503188893,0.5212901831,7.15905558007459E-006,1.43181111601492E-005,7.15905558007459E-006,7.15905558007459E-006,0,0,0,0,0,0
0.7503188893,0.5212961435,3.5795277900373E-006,7.15905558007459E-006,1.07385833701119E-005,1.07385833701119E-005,3.5795277900373E-006,0,0,0,0,0
0.7503188893,0.521302104,3.97725310004144E-006,0.000010606,0.000010606,0.000005303,0.000005303,0,0,0,0,0
0.7503188893,0.5213080645,3.5795277900373E-006,1.43181111601492E-005,5.36929168505594E-006,5.36929168505594E-006,0,3.5795277900373E-006,0,0,3.5795277900373E-006,0
0.7503188893,0.5213140249,7.4573495625777E-006,8.94881947509324E-006,4.47440973754662E-006,1.19317593001243E-005,2.98293982503108E-006,0,0,0,0,0
0.7503188893,0.5213199854,7.15905558007459E-006,7.15905558007459E-006,3.5795277900373E-006,3.5795277900373E-006,1.43181111601492E-005,0,0,0,0,0
0.7503188893,0.5213259459,1.40624306037179E-005,5.11361112862471E-006,3.83520834646853E-006,0.000006392,3.83520834646853E-006,1.27840278215618E-006,1.27840278215618E-006,0,0,0
0.7503188893,0.5213319063,1.78976389501865E-005,3.5795277900373E-006,2.38635186002486E-006,0,1.19317593001243E-006,9.54540744009945E-006,1.19317593001243E-006,0,0,0
0.7503188893,0.5213378668,1.55112870901616E-005,2.38635186002486E-006,8.35223151008702E-006,1.19317593001243E-006,2.38635186002486E-006,4.77270372004973E-006,0,0,1.19317593001243E-006,0
0.7503188893,0.5213438272,1.48118391311888E-005,0.000003703,6.17159963799534E-006,2.46863985519813E-006,4.93727971039627E-006,1.23431992759907E-006,0,0,2.46863985519813E-006,0
0.7503188893,0.5213497877,0,2.7534829154133E-006,1.10139316616532E-005,2.7534829154133E-006,2.7534829154133E-006,8.26044874623991E-006,2.7534829154133E-006,0.000005507,0,0
0.7503188893,0.5213557482,0,0,0,0,0,1.78976389501865E-005,1.78976389501865E-005,0,0,0
0.7503188893,0.5213617086,1.49146991251554E-005,0,2.98293982503108E-006,2.98293982503108E-006,0,1.19317593001243E-005,0,0,2.98293982503108E-006,0
0.7503188893,0.5213676691,1.37674145770665E-005,2.7534829154133E-006,8.26044874623991E-006,0.000005507,0,0,2.7534829154133E-006,0,2.7534829154133E-006,0
0.7503188893,0.5213736296,8.13529043190295E-006,3.25411617276118E-006,1.13894066046641E-005,1.13894066046641E-005,1.62705808638059E-006,0,0,0,0,0
0.7503188893,0.52137959,1.19317593001243E-005,1.19317593001243E-005,1.19317593001243E-005,0,0,0,0,0,0,0
0.7503188893,0.5213855505,0,0,0,0,0,0,0,0,0,0
0.7503188893,0.521391511,0,0,0,0,0,0,0,0,0,0
0.7503188893,0.5213974714,0,0,0,0,0,0,0,0,0,0
0.7503106045,0.5212842226,2.55673888816348E-006,1.15053249967357E-005,0.000010227,5.11347777632696E-006,3.83510833224522E-006,1.27836944408174E-006,0,1.27836944408174E-006,0,0
0.7503106045,0.5212901831,2.38628962895258E-006,4.77257925790516E-006,4.77257925790516E-006,1.19314481447629E-005,4.77257925790516E-006,2.38628962895258E-006,0,0,4.77257925790516E-006,0
0.7503106045,0.5212961435,3.97714938158763E-006,0.00001392,5.96572407238145E-006,1.19314481447629E-005,0,0,0,0,0,0
0.7503106045,0.521302104,7.40572643468042E-006,3.70286321734021E-006,4.93715095645361E-006,1.35771651302474E-005,2.46857547822681E-006,0,2.46857547822681E-006,1.2342877391134E-006,0,0
0.7503106045,0.5213080645,9.87430191290723E-006,9.87430191290723E-006,2.46857547822681E-006,1.2342877391134E-006,4.93715095645361E-006,3.70286321734021E-006,0,1.2342877391134E-006,2.46857547822681E-006,0
0.7503106045,0.5213140249,0.000003254,0,1.30161252488323E-005,6.50806262441613E-006,0.000003254,9.76209393662419E-006,0,0,0,0
0.7503106045,0.5213199854,0,2.98286203619072E-006,5.96572407238145E-006,2.98286203619072E-006,2.38628962895258E-005,0,0,0,0,0
0.7503106045,0.5213259459,9.87430191290723E-006,6.17143869556702E-006,4.93715095645361E-006,4.93715095645361E-006,3.70286321734021E-006,3.70286321734021E-006,0,1.2342877391134E-006,1.2342877391134E-006,0
0.7503106045,0.5213319063,1.43177377737155E-006,5.72709510948619E-006,2.8635475547431E-006,1.5749511551087E-005,2.8635475547431E-006,2.8635475547431E-006,0,1.43177377737155E-006,2.8635475547431E-006,0
0.7503106045,0.5213378668,4.93715095645361E-006,7.40572643468042E-006,1.2342877391134E-005,4.93715095645361E-006,1.2342877391134E-006,2.46857547822681E-006,0,2.46857547822681E-006,0,0
0.7503106045,0.5213438272,2.38628962895258E-006,5.96572407238145E-006,5.96572407238145E-006,1.31245929592392E-005,3.57943444342887E-006,1.19314481447629E-006,1.19314481447629E-006,0,2.38628962895258E-006,0
0.7503106045,0.5213497877,0,1.19314481447629E-005,5.96572407238145E-006,0,5.96572407238145E-006,0,5.96572407238145E-006,0,5.96572407238145E-006,0
0.7503106045,0.5213557482,5.11347777632696E-006,0,0,5.11347777632696E-006,0,2.04539111053078E-005,0,0,5.11347777632696E-006,0
0.7503106045,0.5213617086,0,0,0,0,0,0,0,0,0,0
0.7503106045,0.5213676691,0,0,1.78971722171444E-005,8.94858610857218E-006,0,4.47429305428609E-006,0,4.47429305428609E-006,0,0
0.7503106045,0.5213736296,0,1.43177377737155E-005,7.15886888685774E-006,7.15886888685774E-006,7.15886888685774E-006,0,0,0,0,0
0.7503106045,0.52137959,0,8.94858610857218E-006,4.47429305428609E-006,2.23714652714304E-005,0,0,0,0,0,0
0.7503106045,0.5213855505,3.57943444342887E-005,0,0,0,0,0,0,0,0,0
0.7503106045,0.521391511,0,0,0,0,0,0,0,0,0,0
0.7503106045,0.5213974714,0,0,0,0,0,0,0,0,0,0
0.7503023197,0.5212842226,0.000001627,8.13486614571264E-006,6.50789291657012E-006,1.30157858331402E-005,3.25394645828506E-006,0,0,3.25394645828506E-006,0,0
0.7503023197,0.5212901831,0,4.47417638014196E-006,0,2.23708819007098E-005,0,0,8.94835276028391E-006,0,0,0
0.7503023197,0.5212961435,6.50789291657012E-006,8.13486614571264E-006,8.13486614571264E-006,9.76183937485517E-006,0,0.000001627,0.000001627,0,0,0
0.7503023197,0.521302104,5.11334443444795E-006,1.02266888688959E-005,0.00000767,1.02266888688959E-005,0,0,0,2.55667221722397E-006,0,0
0.7503023197,0.5213080645,6.39168054305994E-006,2.55667221722397E-006,5.11334443444795E-006,1.27833610861199E-005,2.55667221722397E-006,1.27833610861199E-006,1.27833610861199E-006,2.55667221722397E-006,1.27833610861199E-006,0
0.7503023197,0.5213140249,0.000003977,0,0.000003977,7.95409134247459E-006,7.95409134247459E-006,7.95409134247459E-006,0.000003977,0,0,0
0.7503023197,0.5213199854,0.00000413,0.00000413,1.51433662097112E-005,0.00000413,5.50667862171318E-006,0,1.37666965542829E-006,0,1.37666965542829E-006,0
0.7503023197,0.5213259459,9.54490961096951E-006,5.96556850685594E-006,0.000010738,2.38622740274238E-006,3.57934110411356E-006,0,2.38622740274238E-006,1.19311370137119E-006,0,0
0.7503023197,0.5213319063,0.00000767,0.00000767,5.11334443444795E-006,8.94835276028391E-006,2.55667221722397E-006,1.27833610861199E-006,1.27833610861199E-006,0,1.27833610861199E-006,0
0.7503023197,0.5213378668,1.78967055205678E-006,1.25276938643975E-005,0.000005369,1.25276938643975E-005,1.78967055205678E-006,0,1.78967055205678E-006,0,0,0
0.7503023197,0.5213438272,6.50789291657012E-006,3.25394645828506E-006,3.25394645828506E-006,9.76183937485517E-006,3.25394645828506E-006,0,0,6.50789291657012E-006,3.25394645828506E-006,0
0.7503023197,0.5213497877,4.47417638014196E-006,0,4.47417638014196E-006,0,0,0,4.47417638014196E-006,2.23708819007098E-005,0,0
0.7503023197,0.5213557482,5.11334443444795E-006,5.11334443444795E-006,0,0,0,5.11334443444795E-006,0.00001534,0,5.11334443444795E-006,0
0.7503023197,0.5213617086,2.38622740274238E-005,0,1.19311370137119E-005,0,0,0,0,0,0,0
0.7503023197,0.5213676691,1.19311370137119E-005,5.96556850685594E-006,0,1.19311370137119E-005,0,0,5.96556850685594E-006,0,0,0
0.7503023197,0.5213736296,0,0,0,3.57934110411356E-005,0,0,0,0,0,0
0.7503023197,0.52137959,0.000021476,0,0,1.43173644164543E-005,0,0,0,0,0,0
0.7503023197,0.5213855505,0,0,0,0,0,0,0,0,0,0
0.7503023197,0.521391511,0,0,0,0,0,0,0,0,0,0
0.7503023197,0.5213974714,1.88386373900714E-006,0,1.88386373900714E-006,1.88386373900714E-006,1.88386373900714E-006,1.88386373900714E-006,1.88386373900714E-006,2.07225011290785E-005,3.76772747801428E-006,0
0.7502940349,0.5212842226,2.55660555149334E-006,7.66981665448002E-006,1.02264222059734E-005,0.000012783,0,2.55660555149334E-006,0,0,0,0
0.7502940349,0.5212901831,8.94811943022669E-006,4.47405971511335E-006,4.47405971511335E-006,4.47405971511335E-006,0,0,8.94811943022669E-006,4.47405971511335E-006,0,0
0.7502940349,0.5212961435,5.96541295348446E-006,1.19308259069689E-005,5.96541295348446E-006,5.96541295348446E-006,0,0,5.96541295348446E-006,0,0,0
0.7502940349,0.521302104,5.11321110298668E-006,7.66981665448002E-006,8.94811943022669E-006,3.83490832724001E-006,7.66981665448002E-006,0,0,0,2.55660555149334E-006,0
0.7502940349,0.5213080645,5.96541295348446E-006,0,5.96541295348446E-006,1.78962388604534E-005,5.96541295348446E-006,0,0,0,0,0
0.7502940349,0.5213140249,0,0,0,0,3.57924777209068E-005,0,0,0,0,0
0.7502940349,0.5213199854,1.37663375849641E-005,5.50653503398566E-006,1.10130700679713E-005,1.37663375849641E-006,0,2.75326751699283E-006,0,0,1.37663375849641E-006,0
0.7502940349,0.5213259459,9.54466072557513E-006,5.96541295348446E-006,8.35157813487824E-006,4.77233036278757E-006,0,0,0,3.57924777209068E-006,3.57924777209068E-006,0
0.7502940349,0.5213319063,1.23422336968644E-005,2.46844673937288E-006,7.40534021811864E-006,6.1711168484322E-006,4.93689347874576E-006,0,0,0,2.46844673937288E-006,0
0.7502940349,0.5213378668,2.65129464599309E-006,3.97694196898964E-006,1.32564732299655E-006,3.97694196898964E-006,3.97694196898964E-006,0,1.32564732299655E-006,1.85590625219517E-005,0,0
0.7502940349,0.5213438272,1.13885156384703E-005,0,3.25386161099152E-006,4.88079241648729E-006,0,3.25386161099152E-006,1.62693080549576E-006,8.13465402747881E-006,3.25386161099152E-006,0
0.7502940349,0.5213497877,0,0,5.96541295348446E-006,5.96541295348446E-006,0,0,0,1.19308259069689E-005,1.19308259069689E-005,0
0.7502940349,0.5213557482,0,0,0,0,0,0,0,0,0,0
0.7502940349,0.5213617086,0,3.25386161099152E-006,0,1.62693080549576E-005,0,3.25386161099152E-006,6.50772322198305E-006,0,6.50772322198305E-006,0
0.7502940349,0.5213676691,0,3.57924777209068E-005,0,0,0,0,0,0,0,0
0.7502940349,0.5213736296,0,0,0,0,0,0,0,3.57924777209068E-005,0,0
0.7502940349,0.52137959,0,0,0,0,0,0,0,0,0,0
0.7502940349,0.5213855505,0,0,0,0,1.78962388604534E-005,0,0,0,1.78962388604534E-005,0
0.7502940349,0.521391511,0,0,0,0,0,0,0,0,0,0
0.7502940349,0.5213974714,0,3.57924777209068E-005,0,0,0,0,0,0,0,0
