Latitude,Longitude,Residence,Food,Nightlife Spot,Shop & Service,Travel & Transport,College & University,Professional & Other Places,Arts & Entertainment,Outdoors & Recreation
0.7503141692499999,0.5212795454722222,6.256111688742596E-6,1.2512223377485191E-5,6.256111688742596E-6,7.507334026491115E-5,0.0,0.0,0.0
0.7503141692499999,0.5212830808611112,3.336592900662718E-5,1.1121976335542392E-5,0.0,3.336592900662718E-5,1.668296450331359E-5,5.560988167771196E-6,0.0
0.7503141692499999,0.5212866162500001,2.0019557403976307E-5,4.0039114807952615E-5,0.0,4.0039114807952615E-5,0.0,0.0,0.0
0.7503141692499999,0.5212901516388888,2.1449525789974613E-5,7.149841929991537E-6,7.149841929991537E-6,7.149841929991537E-6,1.4299683859983075E-5,0.0,2.859936771996615E-5,1.4299683859983075E-5
0.7503141692499999,0.5212936870277778,1.0009778701988153E-4,0.0,0.0,0.0,0.0,0.0,0.0,0.0
0.7503141692499999,0.5212972224166667,6.0058672211928916E-5,0.0,0.0,0.0,0.0,0.0,4.0039114807952615E-5,0.0
0.7503141692499999,0.5213007578055555,2.729939645996769E-5,0.0,0.0,2.729939645996769E-5,9.09979881998923E-6,9.09979881998923E-6,2.729939645996769E-5,0.0
0.7503141692499999,0.5213042931944445,1.0009778701988154E-5,3.0029336105964458E-5,0.0,2.0019557403976307E-5,1.0009778701988154E-5,0.0,2.0019557403976307E-5,0.0,1.0009778701988154E-5
0.7503141692499999,0.5213078285833334,5.630500519868336E-5,1.2512223377485191E-5,0.0,1.876833506622779E-5,6.256111688742596E-6,6.256111688742596E-6,0.0,0.0,0.0
0.7503141692499999,0.5213113639722222,3.753667013245558E-5,1.2512223377485191E-5,1.2512223377485191E-5,0.0,1.2512223377485191E-5,0.0,1.2512223377485191E-5,1.2512223377485191E-5,0.0
0.7503141692499999,0.5213148993611111,0.0,1.0009778701988153E-4,0.0,0.0,0.0,0.0,0.0,0.0,0.0
0.7503141692499999,0.52131843475,0.0,5.0048893509940765E-5,0.0,0.0,5.0048893509940765E-5,0.0,0.0,0.0,0.0
0.7503141692499999,0.5213219701388888,2.5024446754970383E-5,2.5024446754970383E-5,0.0,2.5024446754970383E-5,0.0,0.0,2.5024446754970383E-5,0.0,0.0
0.7503141692499999,0.5213255055277778,1.5399659541520237E-5,2.3099489312280354E-5,2.3099489312280354E-5,1.5399659541520237E-5,0.0,0.0,1.5399659541520237E-5,0.0,7.699829770760119E-6
0.7503141692499999,0.5213290409166667,8.341482251656794E-6,2.5024446754970383E-5,0.0,2.5024446754970383E-5,8.341482251656794E-6,0.0,3.336592900662718E-5,0.0,0.0
0.7503141692499999,0.5213325763055555,7.149841929991538E-5,1.4299683859983075E-5,0.0,0.0,0.0,0.0,1.4299683859983075E-5,0.0,0.0
0.7503141692499999,0.5213361116944445,2.1449525789974613E-5,2.1449525789974613E-5,7.149841929991537E-6,2.1449525789974613E-5,0.0,0.0,2.859936771996615E-5,0.0,0.0
0.7503141692499999,0.5213396470833334,5.0048893509940765E-5,1.0009778701988154E-5,0.0,1.0009778701988154E-5,1.0009778701988154E-5,1.0009778701988154E-5,1.0009778701988154E-5,0.0,0.0
0.7503141692499999,0.5213431824722222,7.149841929991537E-6,2.1449525789974613E-5,0.0,2.1449525789974613E-5,7.149841929991537E-6,0.0,2.859936771996615E-5,7.149841929991537E-6,7.149841929991537E-6
0.7503141692499999,0.5213467178611111,7.507334026491115E-5,0.0,0.0,0.0,0.0,0.0,2.5024446754970383E-5,0.0,0.0
0.7503091744166666,0.5212795454722222,5.004810663520512E-5,0.0,1.668270221173504E-5,0.0,1.668270221173504E-5,0.0,1.668270221173504E-5,0.0,0.0
0.7503091744166666,0.5212830808611112,0.0,3.336540442347008E-5,0.0,3.336540442347008E-5,0.0,3.336540442347008E-5,0.0,0.0,0.0
0.7503091744166666,0.5212866162500001,3.336540442347008E-5,0.0,0.0,0.0,0.0,0.0,6.673080884694016E-5,0.0,0.0
0.7503091744166666,0.5212901516388888,5.004810663520512E-5,0.0,0.0,5.004810663520512E-5,0.0,0.0,0.0,0.0,0.0
0.7503091744166666,0.5212936870277778,2.001924265408205E-5,0.0,0.0,2.001924265408205E-5,0.0,0.0,6.0057727962246145E-5,0.0,0.0
0.7503091744166666,0.5212972224166667,2.502405331760256E-5,2.502405331760256E-5,0.0,2.502405331760256E-5,0.0,0.0,2.502405331760256E-5,0.0,0.0
0.7503091744166666,0.5213007578055555,0.0,3.574864759657509E-5,0.0,2.144918855794505E-5,7.149729519315017E-6,0.0,2.8598918077260068E-5,0.0,7.149729519315017E-6
0.7503091744166666,0.5213042931944445,5.004810663520512E-5,1.668270221173504E-5,0.0,0.0,0.0,0.0,3.336540442347008E-5,0.0,0.0
0.7503091744166666,0.5213078285833334,0.0,3.079883485243392E-5,1.539941742621696E-5,3.84985435655424E-5,7.69970871310848E-6,0.0,0.0,7.69970871310848E-6,0.0
0.7503091744166666,0.5213113639722222,5.888012545318249E-6,1.766403763595475E-5,1.766403763595475E-5,2.3552050181272997E-5,1.766403763595475E-5,0.0,1.1776025090636498E-5,5.888012545318249E-6,0.0
0.7503091744166666,0.5213148993611111,0.0,0.0,0.0,5.004810663520512E-5,0.0,0.0,5.004810663520512E-5,0.0,0.0
0.7503091744166666,0.52131843475,0.0,0.0,0.0,0.0,1.0009621327041024E-4,0.0,0.0,0.0,0.0
0.7503091744166666,0.5213219701388888,1.3346161769388032E-5,1.3346161769388032E-5,0.0,2.001924265408205E-5,4.00384853081641E-5,0.0,1.3346161769388032E-5,0.0,0.0
0.7503091744166666,0.5213255055277778,3.336540442347008E-5,1.668270221173504E-5,0.0,0.0,1.668270221173504E-5,1.668270221173504E-5,1.668270221173504E-5,0.0,0.0
0.7503091744166666,0.5213290409166667,0.0,2.502405331760256E-5,1.251202665880128E-5,0.0,0.0,0.0,5.004810663520512E-5,1.251202665880128E-5,0.0
0.7503091744166666,0.5213325763055555,1.668270221173504E-5,0.0,0.0,0.0,3.336540442347008E-5,0.0,1.668270221173504E-5,3.336540442347008E-5,0.0
0.7503091744166666,0.5213361116944445,1.1776025090636498E-5,1.1776025090636498E-5,5.888012545318249E-6,4.7104100362545994E-5,0.0,5.888012545318249E-6,1.766403763595475E-5,0.0,0.0
0.7503091744166666,0.5213396470833334,0.0,1.251202665880128E-5,1.251202665880128E-5,5.004810663520512E-5,1.251202665880128E-5,0.0,1.251202665880128E-5,0.0,0.0
0.7503091744166666,0.5213431824722222,9.099655751855477E-6,4.549827875927739E-6,4.549827875927739E-6,2.2749139379638692E-5,4.549827875927739E-6,0.0,4.094845088334965E-5,9.099655751855477E-6,4.549827875927739E-6
0.7503091744166666,0.5213467178611111,4.28983771158901E-5,0.0,0.0,2.8598918077260068E-5,0.0,0.0,1.4299459038630034E-5,1.4299459038630034E-5,0.0
0.7503041795833332,0.5212795454722222,1.1121626621674388E-5,1.1121626621674388E-5,0.0,1.1121626621674388E-5,0.0,1.1121626621674388E-5,4.4486506486697554E-5,1.1121626621674388E-5,0.0
0.7503041795833332,0.5212830808611112,0.0,2.502365989876738E-5,0.0,2.502365989876738E-5,0.0,2.502365989876738E-5,2.502365989876738E-5,0.0,0.0
0.7503041795833332,0.5212866162500001,1.1121626621674388E-5,0.0,0.0,1.1121626621674388E-5,0.0,0.0,7.785138635172073E-5,0.0,0.0
0.7503041795833332,0.5212901516388888,0.0,0.0,0.0,0.0,0.0,0.0,6.672975973004633E-5,0.0,3.336487986502317E-5
0.7503041795833332,0.5212936870277778,0.0,7.507097969630214E-5,0.0,0.0,0.0,0.0,0.0,0.0,2.502365989876738E-5
0.7503041795833332,0.5212972224166667,1.4299234227867072E-5,0.0,1.4299234227867072E-5,5.719693691146829E-5,0.0,0.0,1.4299234227867072E-5,0.0,0.0
0.7503041795833332,0.5213007578055555,0.0,2.00189279190139E-5,0.0,0.0,0.0,0.0,6.0056783757041705E-5,0.0,2.00189279190139E-5
0.7503041795833332,0.5213042931944445,0.0,2.502365989876738E-5,0.0,5.004731979753476E-5,0.0,0.0,2.502365989876738E-5,0.0,0.0
0.7503041795833332,0.5213078285833334,1.6682439932511583E-5,0.0,0.0,1.6682439932511583E-5,3.336487986502317E-5,0.0,1.6682439932511583E-5,0.0,1.6682439932511583E-5
0.7503041795833332,0.5213113639722222,7.149617113933536E-6,2.1448851341800606E-5,2.8598468455734144E-5,1.4299234227867072E-5,7.149617113933536E-6,0.0,1.4299234227867072E-5,0.0,7.149617113933536E-6
0.7503041795833332,0.5213148993611111,0.0,2.502365989876738E-5,0.0,0.0,5.004731979753476E-5,0.0,2.502365989876738E-5,0.0,0.0
0.7503041795833332,0.52131843475,0.0,0.0,0.0,0.0,0.0,0.0,6.672975973004633E-5,0.0,3.336487986502317E-5
0.7503041795833332,0.5213219701388888,1.251182994938369E-5,1.8767744924075534E-5,0.0,6.255914974691845E-5,6.255914974691845E-6,0.0,0.0,0.0,0.0
0.7503041795833332,0.5213255055277778,3.336487986502317E-5,3.336487986502317E-5,0.0,1.6682439932511583E-5,0.0,1.6682439932511583E-5,0.0,0.0,0.0
0.7503041795833332,0.5213290409166667,3.753548984815107E-5,2.502365989876738E-5,0.0,1.251182994938369E-5,1.251182994938369E-5,0.0,1.251182994938369E-5,0.0,0.0
0.7503041795833332,0.5213325763055555,3.0028391878520852E-5,0.0,0.0,4.00378558380278E-5,0.0,1.000946395950695E-5,1.000946395950695E-5,0.0,1.000946395950695E-5
0.7503041795833332,0.5213361116944445,2.00189279190139E-5,0.0,0.0,3.0028391878520852E-5,2.00189279190139E-5,0.0,3.0028391878520852E-5,0.0,0.0
0.7503041795833332,0.5213396470833334,2.502365989876738E-5,2.502365989876738E-5,0.0,0.0,0.0,0.0,5.004731979753476E-5,0.0,0.0
0.7503041795833332,0.5213431824722222,1.6682439932511583E-5,3.336487986502317E-5,0.0,1.6682439932511583E-5,0.0,0.0,3.336487986502317E-5,0.0,0.0
0.7503041795833332,0.5213467178611111,0.0,0.0,0.0,0.0,1.0009463959506951E-4,0.0,0.0,0.0,0.0
0.7502991847499999,0.5212795454722222,5.00465329969275E-5,0.0,0.0,0.0,0.0,0.0,5.00465329969275E-5,0.0,0.0
0.7502991847499999,0.5212830808611112,3.3364355331285E-5,0.0,0.0,5.00465329969275E-5,1.66821776656425E-5,0.0,0.0,0.0,0.0
0.7502991847499999,0.5212866162500001,3.3364355331285E-5,0.0,0.0,0.0,1.66821776656425E-5,1.66821776656425E-5,3.3364355331285E-5,0.0,0.0
0.7502991847499999,0.5212901516388888,4.0037226397542E-5,0.0,0.0,0.0,0.0,0.0,4.0037226397542E-5,0.0,2.0018613198771E-5
0.7502991847499999,0.5212936870277778,0.0,0.0,0.0,0.0,0.0,0.0,1.00093065993855E-4,0.0,0.0
0.7502991847499999,0.5212972224166667,5.00465329969275E-5,0.0,0.0,1.00093065993855E-5,0.0,0.0,3.00279197981565E-5,0.0,1.00093065993855E-5
0.7502991847499999,0.5213007578055555,4.5496848179025E-5,1.819873927161E-5,0.0,1.819873927161E-5,9.099369635805E-6,9.099369635805E-6,0.0,0.0,0.0
0.7502991847499999,0.5213042931944445,1.429900942769357E-5,2.859801885538714E-5,0.0,1.429900942769357E-5,1.429900942769357E-5,0.0,2.859801885538714E-5,0.0,0.0
0.7502991847499999,0.5213078285833334,0.0,1.66821776656425E-5,0.0,1.66821776656425E-5,0.0,8.34108883282125E-6,5.00465329969275E-5,8.34108883282125E-6,0.0
0.7502991847499999,0.5213113639722222,2.0018613198771E-5,0.0,0.0,4.0037226397542E-5,0.0,2.0018613198771E-5,2.0018613198771E-5,0.0,0.0
0.7502991847499999,0.5213148993611111,0.0,0.0,0.0,0.0,0.0,0.0,1.00093065993855E-4,0.0,0.0
0.7502991847499999,0.52131843475,0.0,0.0,0.0,0.0,0.0,0.0,1.00093065993855E-4,0.0,0.0
0.7502991847499999,0.5213219701388888,2.1448514141540355E-5,7.149504713846785E-6,0.0,2.859801885538714E-5,2.859801885538714E-5,0.0,7.149504713846785E-6,7.149504713846785E-6,0.0
0.7502991847499999,0.5213255055277778,1.1121451777095E-5,3.3364355331285E-5,0.0,3.89250812198325E-5,5.5607258885475E-6,0.0,1.1121451777095E-5,0.0,0.0
0.7502991847499999,0.5213290409166667,1.00093065993855E-5,4.0037226397542E-5,0.0,1.00093065993855E-5,0.0,3.3364355331285E-6,1.66821776656425E-5,1.3345742132514E-5,6.672871066257E-6
0.7502991847499999,0.5213325763055555,1.429900942769357E-5,1.429900942769357E-5,7.149504713846785E-6,2.1448514141540355E-5,1.429900942769357E-5,0.0,2.1448514141540355E-5,7.149504713846785E-6,0.0
0.7502991847499999,0.5213361116944445,7.506979949539125E-5,0.0,0.0,0.0,0.0,0.0,2.502326649846375E-5,0.0,0.0
0.7502991847499999,0.5213396470833334,2.859801885538714E-5,0.0,0.0,0.0,0.0,0.0,5.719603771077428E-5,0.0,1.429900942769357E-5
0.7502991847499999,0.5213431824722222,0.0,2.0018613198771E-5,0.0,2.0018613198771E-5,0.0,2.0018613198771E-5,2.0018613198771E-5,2.0018613198771E-5,0.0
0.7502991847499999,0.5213467178611111,0.0,1.2511633249231875E-5,0.0,0.0,0.0,7.506979949539125E-5,0.0,0.0,1.2511633249231875E-5
0.7502941899166665,0.5212795454722222,4.28963539143268E-5,0.0,0.0,4.28963539143268E-5,1.4298784638108932E-5,0.0,0.0,0.0,0.0
0.7502941899166665,0.5212830808611112,1.668191541112709E-5,1.668191541112709E-5,1.668191541112709E-5,3.336383082225418E-5,0.0,0.0,1.668191541112709E-5,0.0,0.0
0.7502941899166665,0.5212866162500001,2.5022873116690633E-5,2.5022873116690633E-5,0.0,0.0,0.0,0.0,5.004574623338127E-5,0.0,0.0
0.7502941899166665,0.5212901516388888,0.0,2.001829849335251E-5,0.0,2.001829849335251E-5,0.0,2.001829849335251E-5,2.001829849335251E-5,0.0,2.001829849335251E-5
0.7502941899166665,0.5212936870277778,0.0,0.0,0.0,0.0,0.0,0.0,0.0,0.0,0.0
0.7502941899166665,0.5212972224166667,3.336383082225418E-5,0.0,0.0,3.336383082225418E-5,0.0,0.0,3.336383082225418E-5,0.0,0.0
0.7502941899166665,0.5213007578055555,5.004574623338127E-5,0.0,0.0,3.753430967503595E-5,0.0,0.0,1.2511436558345317E-5,0.0,0.0
0.7502941899166665,0.5213042931944445,0.0,0.0,0.0,1.1121276940751392E-5,5.5606384703756965E-5,0.0,2.2242553881502785E-5,1.1121276940751392E-5,0.0
0.7502941899166665,0.5213078285833334,0.0,5.004574623338127E-5,0.0,0.0,0.0,0.0,5.004574623338127E-5,0.0,0.0
0.7502941899166665,0.5213113639722222,0.0,0.0,0.0,0.0,0.0,0.0,0.0,0.0,0.0
0.7502941899166665,0.5213148993611111,0.0,0.0,0.0,0.0,1.0009149246676253E-4,0.0,0.0,0.0,0.0
0.7502941899166665,0.52131843475,1.4298784638108932E-5,7.149392319054467E-5,0.0,0.0,0.0,0.0,0.0,1.4298784638108932E-5,0.0
0.7502941899166665,0.5213219701388888,9.099226587887503E-6,3.6396906351550014E-5,1.8198453175775007E-5,3.6396906351550014E-5,0.0,0.0,0.0,0.0,0.0
0.7502941899166665,0.5213255055277778,2.2242553881502785E-5,1.1121276940751392E-5,0.0,2.2242553881502785E-5,0.0,2.2242553881502785E-5,2.2242553881502785E-5,0.0,0.0
0.7502941899166665,0.5213290409166667,6.255718279172658E-6,2.5022873116690633E-5,0.0,5.6301464512553925E-5,0.0,0.0,1.2511436558345317E-5,0.0,0.0
0.7502941899166665,0.5213325763055555,9.099226587887503E-6,3.184729305760626E-5,4.549613293943752E-6,2.2748066469718757E-5,1.8198453175775007E-5,4.549613293943752E-6,4.549613293943752E-6,4.549613293943752E-6,0.0
0.7502941899166665,0.5213361116944445,2.5022873116690633E-5,0.0,0.0,2.5022873116690633E-5,2.5022873116690633E-5,2.5022873116690633E-5,0.0,0.0,0.0
0.7502941899166665,0.5213396470833334,0.0,2.001829849335251E-5,0.0,0.0,2.001829849335251E-5,6.005489548005752E-5,0.0,0.0,0.0
0.7502941899166665,0.5213431824722222,0.0,6.672766164450836E-5,0.0,0.0,0.0,3.336383082225418E-5,0.0,0.0,0.0
0.7502941899166665,0.5213467178611111,0.0,2.5022873116690633E-5,1.2511436558345317E-5,0.0,0.0,2.5022873116690633E-5,0.0,2.5022873116690633E-5,1.2511436558345317E-5
0.7502891950833331,0.5212795454722222,4.5495417733539895E-5,9.099083546707979E-6,9.099083546707979E-6,9.099083546707979E-6,0.0,0.0,2.7297250640123934E-5,0.0,0.0
0.7502891950833331,0.5212830808611112,2.8597119718225074E-5,1.4298559859112537E-5,1.4298559859112537E-5,2.8597119718225074E-5,0.0,0.0,1.4298559859112537E-5,0.0,0.0
0.7502891950833331,0.5212866162500001,2.8597119718225074E-5,2.8597119718225074E-5,0.0,1.4298559859112537E-5,1.4298559859112537E-5,0.0,1.4298559859112537E-5,0.0,0.0
0.7502891950833331,0.5212901516388888,0.0,0.0,0.0,0.0,0.0,0.0,1.0008991901378777E-4,0.0,0.0
0.7502891950833331,0.5212936870277778,0.0,0.0,0.0,0.0,0.0,0.0,1.0008991901378777E-4,0.0,0.0
0.7502891950833331,0.5212972224166667,0.0,0.0,0.0,0.0,0.0,0.0,0.0,0.0,0.0
0.7502891950833331,0.5213007578055555,1.2511239876723471E-5,2.5022479753446942E-5,0.0,2.5022479753446942E-5,0.0,0.0,2.5022479753446942E-5,1.2511239876723471E-5,0.0
0.7502891950833331,0.5213042931944445,0.0,0.0,0.0,0.0,0.0,0.0,1.0008991901378777E-4,0.0,0.0
0.7502891950833331,0.5213078285833334,0.0,0.0,0.0,0.0,1.0008991901378777E-4,0.0,0.0,0.0,0.0
0.7502891950833331,0.5213113639722222,0.0,0.0,0.0,0.0,5.0044959506893885E-5,0.0,0.0,5.0044959506893885E-5,0.0
0.7502891950833331,0.5213148993611111,0.0,0.0,0.0,0.0,0.0,0.0,0.0,0.0,0.0
0.7502891950833331,0.52131843475,2.5022479753446942E-5,3.753371963017041E-5,0.0,1.2511239876723471E-5,0.0,0.0,0.0,0.0,2.5022479753446942E-5
0.7502891950833331,0.5213219701388888,1.0008991901378777E-5,1.0008991901378777E-5,2.0017983802757553E-5,6.0053951408272656E-5,0.0,0.0,0.0,0.0,0.0
0.7502891950833331,0.5213255055277778,1.4298559859112537E-5,1.4298559859112537E-5,7.149279929556268E-6,2.8597119718225074E-5,7.149279929556268E-6,0.0,2.8597119718225074E-5,0.0,0.0
0.7502891950833331,0.5213290409166667,1.5013487852068164E-5,5.0044959506893885E-5,0.0,1.5013487852068164E-5,0.0,5.004495950689388E-6,1.5013487852068164E-5,0.0,0.0
0.7502891950833331,0.5213325763055555,8.340826584482313E-6,8.340826584482313E-6,0.0,2.5022479753446942E-5,8.340826584482313E-6,0.0,4.170413292241157E-5,8.340826584482313E-6,0.0
0.7502891950833331,0.5213361116944445,5.887642294928692E-6,1.1775284589857383E-5,0.0,0.0,5.887642294928692E-6,6.476406524421562E-5,1.1775284589857383E-5,0.0,0.0
0.7502891950833331,0.5213396470833334,0.0,1.1121102112643085E-5,0.0,0.0,3.336330633792925E-5,4.448440845057234E-5,0.0,0.0,1.1121102112643085E-5
0.7502891950833331,0.5213431824722222,0.0,1.0008991901378777E-5,3.0026975704136328E-5,0.0,0.0,0.0,4.0035967605515106E-5,1.0008991901378777E-5,1.0008991901378777E-5
0.7502891950833331,0.5213467178611111,0.0,2.0017983802757553E-5,0.0,2.0017983802757553E-5,0.0,4.0035967605515106E-5,0.0,2.0017983802757553E-5,0.0
0.7502842002499999,0.5212795454722222,1.6681390939154413E-5,1.6681390939154413E-5,1.6681390939154413E-5,1.6681390939154413E-5,0.0,0.0,1.6681390939154413E-5,0.0,1.6681390939154413E-5
0.7502842002499999,0.5212830808611112,5.0044172817463245E-5,0.0,0.0,5.0044172817463245E-5,0.0,0.0,0.0,0.0,0.0
0.7502842002499999,0.5212866162500001,7.006184194444853E-5,0.0,0.0,1.0008834563492649E-5,0.0,1.0008834563492649E-5,1.0008834563492649E-5,0.0,0.0
0.7502842002499999,0.5212901516388888,2.0017669126985297E-5,2.0017669126985297E-5,0.0,2.0017669126985297E-5,0.0,0.0,4.0035338253970595E-5,0.0,0.0
0.7502842002499999,0.5212936870277778,0.0,0.0,0.0,0.0,1.0008834563492649E-4,0.0,0.0,0.0,0.0
0.7502842002499999,0.5212972224166667,2.5022086408731623E-5,5.0044172817463245E-5,0.0,0.0,0.0,0.0,2.5022086408731623E-5,0.0,0.0
0.7502842002499999,0.5213007578055555,0.0,0.0,0.0,6.672556375661765E-5,3.3362781878308826E-5,0.0,0.0,0.0,0.0
0.7502842002499999,0.5213042931944445,0.0,0.0,0.0,0.0,0.0,0.0,1.0008834563492649E-4,0.0,0.0
0.7502842002499999,0.5213078285833334,0.0,0.0,0.0,0.0,1.0008834563492649E-4,0.0,0.0,0.0,0.0
0.7502842002499999,0.5213113639722222,0.0,0.0,0.0,0.0,0.0,0.0,0.0,0.0,0.0
0.7502842002499999,0.5213148993611111,6.005300738095589E-5,0.0,2.0017669126985297E-5,0.0,0.0,0.0,2.0017669126985297E-5,0.0,0.0
0.7502842002499999,0.52131843475,0.0,2.5022086408731623E-5,2.5022086408731623E-5,5.0044172817463245E-5,0.0,0.0,0.0,0.0,0.0
0.7502842002499999,0.5213219701388888,3.3362781878308826E-5,4.4483709171078436E-5,1.1120927292769609E-5,0.0,1.1120927292769609E-5,0.0,0.0,0.0,0.0
0.7502842002499999,0.5213255055277778,2.5022086408731623E-5,0.0,0.0,5.0044172817463245E-5,0.0,2.5022086408731623E-5,0.0,0.0,0.0
0.7502842002499999,0.5213290409166667,2.2241854585539218E-5,2.5948830349795754E-5,7.4139515285130724E-6,2.5948830349795754E-5,7.4139515285130724E-6,3.7069757642565362E-6,3.7069757642565362E-6,3.7069757642565362E-6,0.0
0.7502842002499999,0.5213325763055555,2.5022086408731623E-5,6.255521602182906E-5,0.0,0.0,0.0,1.2511043204365811E-5,0.0,0.0,0.0
0.7502842002499999,0.5213361116944445,1.1120927292769609E-5,2.2241854585539218E-5,0.0,1.1120927292769609E-5,0.0,4.4483709171078436E-5,0.0,1.1120927292769609E-5,0.0
0.7502842002499999,0.5213396470833334,0.0,0.0,0.0,0.0,2.0017669126985297E-5,0.0,2.0017669126985297E-5,2.0017669126985297E-5,4.0035338253970595E-5
0.7502842002499999,0.5213431824722222,0.0,2.5022086408731623E-5,2.5022086408731623E-5,0.0,0.0,0.0,0.0,5.0044172817463245E-5,0.0
0.7502842002499999,0.5213467178611111,5.0044172817463245E-5,0.0,0.0,0.0,0.0,0.0,5.0044172817463245E-5,0.0,0.0
0.7502792054166665,0.5212795454722222,0.0,0.0,0.0,0.0,0.0,0.0,0.0,0.0,0.0
0.7502792054166665,0.5212830808611112,0.0,0.0,0.0,0.0,1.0008677233017436E-4,0.0,0.0,0.0,0.0
0.7502792054166665,0.5212866162500001,0.0,0.0,0.0,3.336225744339145E-5,0.0,0.0,6.67245148867829E-5,0.0,0.0
0.7502792054166665,0.5212901516388888,0.0,4.003470893206974E-5,0.0,0.0,4.003470893206974E-5,0.0,2.001735446603487E-5,0.0,0.0
0.7502792054166665,0.5212936870277778,1.1120752481130483E-5,2.2241504962260966E-5,0.0,0.0,4.448300992452193E-5,0.0,1.1120752481130483E-5,0.0,1.1120752481130483E-5
0.7502792054166665,0.5212972224166667,1.2510846541271795E-5,2.502169308254359E-5,0.0,0.0,0.0,0.0,1.2510846541271795E-5,1.2510846541271795E-5,3.7532539623815385E-5
0.7502792054166665,0.5213007578055555,0.0,0.0,0.0,0.0,3.336225744339145E-5,0.0,5.004338616508718E-5,1.6681128721695725E-5,0.0
0.7502792054166665,0.5213042931944445,0.0,0.0,2.001735446603487E-5,0.0,0.0,0.0,8.006941786413949E-5,0.0,0.0
0.7502792054166665,0.5213078285833334,0.0,0.0,0.0,0.0,0.0,0.0,0.0,0.0,0.0
0.7502792054166665,0.5213113639722222,5.004338616508718E-5,0.0,0.0,2.502169308254359E-5,0.0,0.0,2.502169308254359E-5,0.0,0.0
0.7502792054166665,0.5213148993611111,0.0,2.502169308254359E-5,0.0,2.502169308254359E-5,0.0,2.502169308254359E-5,2.502169308254359E-5,0.0,0.0
0.7502792054166665,0.52131843475,2.502169308254359E-5,5.004338616508718E-5,0.0,8.340564360847863E-6,1.6681128721695725E-5,0.0,0.0,0.0,0.0
0.7502792054166665,0.5213219701388888,5.004338616508718E-5,0.0,0.0,2.502169308254359E-5,0.0,0.0,2.502169308254359E-5,0.0,0.0
0.7502792054166665,0.5213255055277778,1.2510846541271795E-5,1.8766269811907692E-5,6.2554232706358975E-6,2.502169308254359E-5,6.2554232706358975E-6,0.0,1.8766269811907692E-5,1.2510846541271795E-5,0.0
0.7502792054166665,0.5213290409166667,2.001735446603487E-5,2.001735446603487E-5,0.0,3.0026031699052305E-5,0.0,2.001735446603487E-5,1.0008677233017436E-5,0.0,0.0
0.7502792054166665,0.5213325763055555,2.85962206657641E-5,0.0,0.0,0.0,0.0,2.85962206657641E-5,2.85962206657641E-5,1.429811033288205E-5,0.0
0.7502792054166665,0.5213361116944445,2.2241504962260966E-5,0.0,0.0,0.0,1.1120752481130483E-5,6.67245148867829E-5,0.0,0.0,0.0
0.7502792054166665,0.5213396470833334,0.0,2.001735446603487E-5,4.003470893206974E-5,0.0,2.001735446603487E-5,2.001735446603487E-5,0.0,0.0,0.0
0.7502792054166665,0.5213431824722222,0.0,0.0,0.0,0.0,0.0,0.0,0.0,3.336225744339145E-5,6.67245148867829E-5
0.7502792054166665,0.5213467178611111,0.0,0.0,0.0,3.336225744339145E-5,0.0,0.0,3.336225744339145E-5,0.0,3.336225744339145E-5
0.7502742105833331,0.5212795454722222,3.336173303317572E-5,0.0,3.336173303317572E-5,0.0,0.0,0.0,0.0,0.0,3.336173303317572E-5
0.7502742105833331,0.5212830808611112,5.004259954976358E-5,5.004259954976358E-5,0.0,0.0,0.0,0.0,0.0,0.0,0.0
0.7502742105833331,0.5212866162500001,3.753194966232269E-5,0.0,0.0,2.502129977488179E-5,1.2510649887440895E-5,0.0,1.2510649887440895E-5,0.0,1.2510649887440895E-5
0.7502742105833331,0.5212901516388888,0.0,0.0,0.0,1.0008519909952716E-4,0.0,0.0,0.0,0.0,0.0
0.7502742105833331,0.5212936870277778,3.849430734597199E-5,1.5397722938388795E-5,0.0,0.0,1.5397722938388795E-5,0.0,3.079544587677759E-5,0.0,0.0
0.7502742105833331,0.5212972224166667,4.003407963981087E-5,4.003407963981087E-5,0.0,0.0,0.0,0.0,2.0017039819905435E-5,0.0,0.0
0.7502742105833331,0.5213007578055555,0.0,0.0,0.0,1.0008519909952716E-4,0.0,0.0,0.0,0.0,0.0
0.7502742105833331,0.5213042931944445,0.0,0.0,0.0,0.0,0.0,0.0,0.0,0.0,0.0
0.7502742105833331,0.5213078285833334,0.0,0.0,0.0,0.0,0.0,0.0,1.0008519909952716E-4,0.0,0.0
0.7502742105833331,0.5213113639722222,0.0,2.2241155355450478E-5,0.0,0.0,0.0,1.1120577677725239E-5,6.672346606635144E-5,0.0,0.0
0.7502742105833331,0.5213148993611111,1.2510649887440895E-5,1.8765974831161344E-5,1.2510649887440895E-5,6.255324943720448E-6,6.255324943720448E-6,1.8765974831161344E-5,1.2510649887440895E-5,6.255324943720448E-6,6.255324943720448E-6
0.7502742105833331,0.52131843475,0.0,2.0017039819905435E-5,1.0008519909952717E-5,2.0017039819905435E-5,1.0008519909952717E-5,0.0,1.0008519909952717E-5,3.0025559729858147E-5,0.0
0.7502742105833331,0.5213219701388888,0.0,3.0025559729858147E-5,3.0025559729858147E-5,1.0008519909952717E-5,1.0008519909952717E-5,0.0,1.0008519909952717E-5,1.0008519909952717E-5,0.0
0.7502742105833331,0.5213255055277778,2.3096584407583192E-5,1.5397722938388795E-5,7.698861469194397E-6,3.849430734597199E-5,0.0,0.0,7.698861469194397E-6,0.0,7.698861469194397E-6
0.7502742105833331,0.5213290409166667,5.004259954976358E-5,0.0,0.0,1.668086651658786E-5,1.668086651658786E-5,1.668086651658786E-5,0.0,0.0,0.0
0.7502742105833331,0.5213325763055555,0.0,2.502129977488179E-5,0.0,0.0,0.0,2.502129977488179E-5,0.0,2.502129977488179E-5,2.502129977488179E-5
0.7502742105833331,0.5213361116944445,0.0,0.0,0.0,0.0,0.0,2.502129977488179E-5,2.502129977488179E-5,5.004259954976358E-5,0.0
0.7502742105833331,0.5213396470833334,0.0,0.0,7.506389932464538E-5,0.0,0.0,0.0,0.0,2.502129977488179E-5,0.0
0.7502742105833331,0.5213431824722222,0.0,0.0,0.0,0.0,0.0,0.0,0.0,0.0,0.0
0.7502742105833331,0.5213467178611111,0.0,0.0,0.0,0.0,0.0,0.0,0.0,1.0008519909952716E-4,0.0
0.7502692157499998,0.5212795454722222,0.0,0.0,5.0041812971490295E-5,0.0,0.0,0.0,5.0041812971490295E-5,0.0,0.0
0.7502692157499998,0.5212830808611112,0.0,3.336120864766019E-5,0.0,3.336120864766019E-5,0.0,0.0,3.336120864766019E-5,0.0,0.0
0.7502692157499998,0.5212866162500001,1.6680604323830096E-5,1.6680604323830096E-5,0.0,3.336120864766019E-5,0.0,0.0,3.336120864766019E-5,0.0,0.0
0.7502692157499998,0.5212901516388888,5.0041812971490295E-5,0.0,0.0,0.0,0.0,0.0,5.0041812971490295E-5,0.0,0.0
0.7502692157499998,0.5212936870277778,0.0,0.0,0.0,0.0,0.0,0.0,0.0,0.0,0.0
0.7502692157499998,0.5212972224166667,0.0,0.0,0.0,0.0,0.0,0.0,5.0041812971490295E-5,5.0041812971490295E-5,0.0
0.7502692157499998,0.5213007578055555,5.0041812971490295E-5,0.0,5.0041812971490295E-5,0.0,0.0,0.0,0.0,0.0,0.0
0.7502692157499998,0.5213042931944445,0.0,0.0,0.0,0.0,0.0,0.0,0.0,0.0,1.0008362594298059E-4
0.7502692157499998,0.5213078285833334,0.0,0.0,0.0,1.0008362594298059E-4,0.0,0.0,0.0,0.0,0.0
0.7502692157499998,0.5213113639722222,0.0,3.336120864766019E-5,0.0,0.0,3.336120864766019E-5,0.0,3.336120864766019E-5,0.0,0.0
0.7502692157499998,0.5213148993611111,0.0,3.336120864766019E-5,0.0,5.8382115133405344E-5,0.0,8.340302161915048E-6,0.0,0.0,0.0
0.7502692157499998,0.52131843475,0.0,0.0,0.0,6.672241729532038E-5,0.0,0.0,3.336120864766019E-5,0.0,0.0
0.7502692157499998,0.5213219701388888,1.740584799008358E-5,3.916315797768806E-5,0.0,2.610877198512537E-5,0.0,0.0,8.70292399504179E-6,8.70292399504179E-6,0.0
0.7502692157499998,0.5213255055277778,2.8595321697994452E-5,4.289298254699168E-5,0.0,1.4297660848997226E-5,0.0,0.0,1.4297660848997226E-5,0.0,0.0
0.7502692157499998,0.5213290409166667,1.1120402882553397E-5,4.448161153021359E-5,0.0,1.1120402882553397E-5,0.0,1.1120402882553397E-5,2.2240805765106795E-5,0.0,0.0
0.7502692157499998,0.5213325763055555,1.3344483459064077E-5,6.672241729532039E-6,0.0,3.336120864766019E-5,6.672241729532039E-6,0.0,3.336120864766019E-5,0.0,6.672241729532039E-6
0.7502692157499998,0.5213361116944445,0.0,0.0,0.0,0.0,0.0,0.0,0.0,1.0008362594298059E-4,0.0
0.7502692157499998,0.5213396470833334,0.0,5.0041812971490295E-5,0.0,0.0,5.0041812971490295E-5,0.0,0.0,0.0,0.0
0.7502692157499998,0.5213431824722222,0.0,0.0,0.0,0.0,0.0,0.0,0.0,0.0,1.0008362594298059E-4
0.7502692157499998,0.5213467178611111,0.0,4.0033450377192234E-5,0.0,0.0,0.0,2.0016725188596117E-5,0.0,2.0016725188596117E-5,2.0016725188596117E-5
0.7502642209166664,0.5212795454722222,0.0,0.0,0.0,0.0,0.0,0.0,1.0008205286053044E-4,0.0,0.0
0.7502642209166664,0.5212830808611112,2.502051321513261E-5,0.0,0.0,0.0,2.502051321513261E-5,0.0,5.004102643026522E-5,0.0,0.0
0.7502642209166664,0.5212866162500001,3.3360684286843476E-5,6.672136857368695E-5,0.0,0.0,0.0,0.0,0.0,0.0,0.0
0.7502642209166664,0.5212901516388888,2.502051321513261E-5,0.0,2.502051321513261E-5,2.502051321513261E-5,2.502051321513261E-5,0.0,0.0,0.0,0.0
0.7502642209166664,0.5212936870277778,3.3360684286843476E-5,0.0,3.3360684286843476E-5,0.0,0.0,0.0,3.3360684286843476E-5,0.0,0.0
0.7502642209166664,0.5212972224166667,0.0,0.0,0.0,0.0,0.0,0.0,0.0,0.0,0.0
0.7502642209166664,0.5213007578055555,1.0008205286053044E-4,0.0,0.0,0.0,0.0,0.0,0.0,0.0,0.0
0.7502642209166664,0.5213042931944445,0.0,0.0,0.0,0.0,0.0,0.0,0.0,1.0008205286053044E-4,0.0
0.7502642209166664,0.5213078285833334,2.502051321513261E-5,0.0,0.0,0.0,0.0,0.0,2.502051321513261E-5,0.0,5.004102643026522E-5
0.7502642209166664,0.5213113639722222,2.001641057210609E-5,3.502871850118565E-5,5.004102643026523E-6,2.502051321513261E-5,0.0,5.004102643026523E-6,5.004102643026523E-6,0.0,5.004102643026523E-6
0.7502642209166664,0.5213148993611111,1.5802429399031122E-5,1.5802429399031122E-5,0.0,2.106990586537483E-5,1.5802429399031122E-5,5.267476466343707E-6,1.5802429399031122E-5,0.0,1.0534952932687415E-5
0.7502642209166664,0.52131843475,7.506153964539783E-5,0.0,0.0,0.0,2.502051321513261E-5,0.0,0.0,0.0,0.0
0.7502642209166664,0.5213219701388888,6.255128303783153E-6,3.127564151891576E-5,1.2510256607566305E-5,3.7530769822698916E-5,1.2510256607566305E-5,0.0,0.0,0.0,0.0
0.7502642209166664,0.5213255055277778,4.289230836879876E-5,1.4297436122932919E-5,0.0,0.0,0.0,1.4297436122932919E-5,2.8594872245865838E-5,0.0,0.0
0.7502642209166664,0.5213290409166667,5.004102643026522E-5,0.0,0.0,2.502051321513261E-5,0.0,0.0,2.502051321513261E-5,0.0,0.0
0.7502642209166664,0.5213325763055555,0.0,1.1120228095614493E-5,0.0,3.3360684286843476E-5,1.1120228095614493E-5,0.0,3.3360684286843476E-5,1.1120228095614493E-5,0.0
0.7502642209166664,0.5213361116944445,0.0,0.0,1.2510256607566305E-5,0.0,0.0,0.0,6.255128303783153E-5,0.0,2.502051321513261E-5
0.7502642209166664,0.5213396470833334,5.004102643026522E-5,0.0,0.0,0.0,0.0,0.0,0.0,5.004102643026522E-5,0.0
0.7502642209166664,0.5213431824722222,0.0,0.0,0.0,0.0,0.0,0.0,0.0,0.0,0.0
0.7502642209166664,0.5213467178611111,0.0,0.0,0.0,0.0,0.0,0.0,0.0,0.0,0.0
0.7502592260833331,0.5212795454722222,0.0,0.0,0.0,0.0,0.0,0.0,0.0,0.0,0.0
0.7502592260833331,0.5212830808611112,1.2510059981521547E-5,1.2510059981521547E-5,0.0,0.0,2.5020119963043095E-5,0.0,3.753017994456464E-5,0.0,1.2510059981521547E-5
0.7502592260833331,0.5212866162500001,2.0016095970434476E-5,6.0048287911303426E-5,0.0,2.0016095970434476E-5,0.0,0.0,0.0,0.0,0.0
0.7502592260833331,0.5212901516388888,0.0,0.0,0.0,0.0,0.0,0.0,0.0,0.0,0.0
0.7502592260833331,0.5212936870277778,0.0,0.0,0.0,0.0,0.0,0.0,1.0008047985217238E-4,0.0,0.0
0.7502592260833331,0.5212972224166667,1.0008047985217238E-4,0.0,0.0,0.0,0.0,0.0,0.0,0.0,0.0
0.7502592260833331,0.5213007578055555,0.0,0.0,0.0,0.0,0.0,0.0,0.0,0.0,0.0
0.7502592260833331,0.5213042931944445,0.0,0.0,0.0,0.0,0.0,0.0,0.0,0.0,0.0
0.7502592260833331,0.5213078285833334,1.0008047985217238E-4,0.0,0.0,0.0,0.0,0.0,0.0,0.0,0.0
0.7502592260833331,0.5213113639722222,0.0,3.3360159950724126E-5,0.0,3.3360159950724126E-5,0.0,0.0,3.3360159950724126E-5,0.0,0.0
0.7502592260833331,0.5213148993611111,2.5020119963043095E-5,1.876508997228232E-5,6.255029990760774E-6,3.127514995380387E-5,6.255029990760774E-6,6.255029990760774E-6,6.255029990760774E-6,0.0,0.0
0.7502592260833331,0.52131843475,2.2240106633816083E-5,3.3360159950724126E-5,0.0,1.1120053316908041E-5,2.2240106633816083E-5,0.0,1.1120053316908041E-5,0.0,0.0
0.7502592260833331,0.5213219701388888,1.1120053316908041E-5,1.1120053316908041E-5,0.0,4.4480213267632166E-5,2.2240106633816083E-5,1.1120053316908041E-5,0.0,0.0,0.0
0.7502592260833331,0.5213255055277778,8.340039987681032E-6,2.5020119963043095E-5,8.340039987681032E-6,2.5020119963043095E-5,8.340039987681032E-6,0.0,1.6680079975362063E-5,0.0,8.340039987681032E-6
0.7502592260833331,0.5213290409166667,9.09822544110658E-6,3.639290176442632E-5,0.0,9.09822544110658E-6,9.09822544110658E-6,0.0,3.639290176442632E-5,0.0,0.0
0.7502592260833331,0.5213325763055555,0.0,0.0,0.0,0.0,0.0,0.0,0.0,0.0,0.0
0.7502592260833331,0.5213361116944445,0.0,4.003219194086895E-5,0.0,0.0,2.0016095970434476E-5,0.0,4.003219194086895E-5,0.0,0.0
0.7502592260833331,0.5213396470833334,3.3360159950724126E-5,3.3360159950724126E-5,0.0,0.0,0.0,0.0,3.3360159950724126E-5,0.0,0.0
0.7502592260833331,0.5213431824722222,0.0,0.0,0.0,0.0,0.0,0.0,0.0,0.0,1.0008047985217238E-4
0.7502592260833331,0.5213467178611111,0.0,0.0,0.0,0.0,0.0,0.0,0.0,0.0,0.0
0.7502542312499998,0.5212795454722222,0.0,0.0,0.0,0.0,0.0,0.0,0.0,0.0,0.0
0.7502542312499998,0.5212830808611112,0.0,3.335963563930072E-5,0.0,6.671927127860144E-5,0.0,0.0,0.0,0.0,0.0
0.7502542312499998,0.5212866162500001,1.4296986702557453E-5,2.8593973405114907E-5,0.0,2.8593973405114907E-5,0.0,0.0,2.8593973405114907E-5,0.0,0.0
0.7502542312499998,0.5212901516388888,0.0,0.0,0.0,0.0,0.0,0.0,0.0,0.0,0.0
0.7502542312499998,0.5212936870277778,1.0007890691790217E-4,0.0,0.0,0.0,0.0,0.0,0.0,0.0,0.0
0.7502542312499998,0.5212972224166667,0.0,0.0,0.0,0.0,0.0,0.0,0.0,0.0,0.0
0.7502542312499998,0.5213007578055555,0.0,0.0,0.0,0.0,1.0007890691790217E-4,0.0,0.0,0.0,0.0
0.7502542312499998,0.5213042931944445,0.0,0.0,0.0,3.335963563930072E-5,0.0,0.0,3.335963563930072E-5,0.0,3.335963563930072E-5
0.7502542312499998,0.5213078285833334,1.0007890691790217E-4,0.0,0.0,0.0,0.0,0.0,0.0,0.0,0.0
0.7502542312499998,0.5213113639722222,1.819616489416403E-5,2.7294247341246046E-5,0.0,3.639232978832806E-5,0.0,0.0,1.819616489416403E-5,0.0,0.0
0.7502542312499998,0.5213148993611111,6.671927127860144E-5,0.0,0.0,3.335963563930072E-5,0.0,0.0,0.0,0.0,0.0
0.7502542312499998,0.52131843475,1.819616489416403E-5,1.819616489416403E-5,9.098082447082015E-6,2.7294247341246046E-5,9.098082447082015E-6,0.0,0.0,1.819616489416403E-5,0.0
0.7502542312499998,0.5213219701388888,1.2509863364737772E-5,1.2509863364737772E-5,1.2509863364737772E-5,2.5019726729475543E-5,1.2509863364737772E-5,0.0,1.2509863364737772E-5,1.2509863364737772E-5,0.0
0.7502542312499998,0.5213255055277778,0.0,0.0,0.0,2.5019726729475543E-5,0.0,0.0,5.0039453458951086E-5,2.5019726729475543E-5,0.0
0.7502542312499998,0.5213290409166667,0.0,2.8593973405114907E-5,0.0,0.0,2.8593973405114907E-5,1.4296986702557453E-5,2.8593973405114907E-5,0.0,0.0
0.7502542312499998,0.5213325763055555,6.671927127860144E-5,0.0,0.0,0.0,0.0,0.0,0.0,3.335963563930072E-5,0.0
0.7502542312499998,0.5213361116944445,6.671927127860144E-5,0.0,0.0,0.0,0.0,0.0,3.335963563930072E-5,0.0,0.0
0.7502542312499998,0.5213396470833334,1.4296986702557453E-5,5.7187946810229814E-5,1.4296986702557453E-5,0.0,0.0,0.0,1.4296986702557453E-5,0.0,0.0
0.7502542312499998,0.5213431824722222,0.0,3.335963563930072E-5,0.0,0.0,0.0,0.0,6.671927127860144E-5,0.0,0.0
0.7502542312499998,0.5213467178611111,0.0,0.0,0.0,0.0,0.0,0.0,0.0,0.0,0.0
0.7502492364166664,0.5212795454722222,5.003866702885778E-5,0.0,0.0,0.0,0.0,0.0,2.501933351442889E-5,0.0,2.501933351442889E-5
0.7502492364166664,0.5212830808611112,5.003866702885778E-5,0.0,0.0,0.0,0.0,0.0,5.003866702885778E-5,0.0,0.0
0.7502492364166664,0.5212866162500001,0.0,0.0,0.0,0.0,0.0,0.0,0.0,0.0,0.0
0.7502492364166664,0.5212901516388888,0.0,5.003866702885778E-5,0.0,0.0,5.003866702885778E-5,0.0,0.0,0.0,0.0
0.7502492364166664,0.5212936870277778,0.0,0.0,0.0,0.0,0.0,0.0,1.0007733405771556E-4,0.0,0.0
0.7502492364166664,0.5212972224166667,0.0,0.0,0.0,0.0,0.0,0.0,0.0,0.0,0.0
0.7502492364166664,0.5213007578055555,0.0,0.0,0.0,0.0,0.0,0.0,0.0,0.0,0.0
0.7502492364166664,0.5213042931944445,2.0015466811543112E-5,2.0015466811543112E-5,2.0015466811543112E-5,0.0,0.0,0.0,0.0,0.0,4.0030933623086225E-5
0.7502492364166664,0.5213078285833334,2.501933351442889E-5,0.0,0.0,2.501933351442889E-5,0.0,0.0,5.003866702885778E-5,0.0,0.0
0.7502492364166664,0.5213113639722222,1.819587891958465E-5,9.097939459792325E-6,1.819587891958465E-5,4.548969729896162E-5,0.0,0.0,9.097939459792325E-6,0.0,0.0
0.7502492364166664,0.5213148993611111,0.0,2.501933351442889E-5,0.0,2.501933351442889E-5,0.0,0.0,2.501933351442889E-5,0.0,2.501933351442889E-5
0.7502492364166664,0.52131843475,2.501933351442889E-5,0.0,0.0,0.0,5.003866702885778E-5,0.0,0.0,0.0,2.501933351442889E-5
0.7502492364166664,0.5213219701388888,0.0,5.003866702885778E-5,0.0,0.0,0.0,0.0,0.0,0.0,5.003866702885778E-5
0.7502492364166664,0.5213255055277778,2.8593524016490158E-5,1.4296762008245079E-5,1.4296762008245079E-5,1.4296762008245079E-5,0.0,0.0,2.8593524016490158E-5,0.0,0.0
0.7502492364166664,0.5213290409166667,2.501933351442889E-5,0.0,0.0,2.501933351442889E-5,0.0,0.0,5.003866702885778E-5,0.0,0.0
0.7502492364166664,0.5213325763055555,3.3359111352571854E-5,3.3359111352571854E-5,3.3359111352571854E-5,0.0,0.0,0.0,0.0,0.0,0.0
0.7502492364166664,0.5213361116944445,1.6679555676285927E-5,0.0,0.0,1.6679555676285927E-5,0.0,0.0,6.671822270514371E-5,0.0,0.0
0.7502492364166664,0.5213396470833334,1.6679555676285927E-5,1.6679555676285927E-5,0.0,1.6679555676285927E-5,0.0,0.0,5.003866702885778E-5,0.0,0.0
0.7502492364166664,0.5213431824722222,0.0,3.3359111352571854E-5,0.0,3.3359111352571854E-5,0.0,3.3359111352571854E-5,0.0,0.0,0.0
0.7502492364166664,0.5213467178611111,3.3359111352571854E-5,3.3359111352571854E-5,0.0,0.0,0.0,0.0,0.0,0.0,3.3359111352571854E-5
0.750244241583333,0.5212795454722222,0.0,1.0007576127160822E-4,0.0,0.0,0.0,0.0,0.0,0.0,0.0
0.750244241583333,0.5212830808611112,7.505682095370616E-5,2.5018940317902054E-5,0.0,0.0,0.0,0.0,0.0,0.0,0.0
0.750244241583333,0.5212866162500001,6.671717418107215E-5,0.0,0.0,0.0,0.0,0.0,3.335858709053607E-5,0.0,0.0
0.750244241583333,0.5212901516388888,0.0,0.0,0.0,0.0,0.0,0.0,5.003788063580411E-5,5.003788063580411E-5,0.0
0.750244241583333,0.5212936870277778,0.0,1.0007576127160822E-4,0.0,0.0,0.0,0.0,0.0,0.0,0.0
0.750244241583333,0.5212972224166667,0.0,1.0007576127160822E-4,0.0,0.0,0.0,0.0,0.0,0.0,0.0
0.750244241583333,0.5213007578055555,5.003788063580411E-5,0.0,0.0,5.003788063580411E-5,0.0,0.0,0.0,0.0,0.0
0.750244241583333,0.5213042931944445,0.0,0.0,0.0,0.0,0.0,0.0,0.0,0.0,0.0
0.750244241583333,0.5213078285833334,0.0,0.0,0.0,1.0007576127160822E-4,0.0,0.0,0.0,0.0,0.0
0.750244241583333,0.5213113639722222,1.4296537324515458E-5,1.4296537324515458E-5,0.0,4.288961197354638E-5,0.0,0.0,2.8593074649030916E-5,0.0,0.0
0.750244241583333,0.5213148993611111,5.003788063580411E-5,5.003788063580411E-5,0.0,0.0,0.0,0.0,0.0,0.0,0.0
0.750244241583333,0.52131843475,6.671717418107215E-5,0.0,3.335858709053607E-5,0.0,0.0,0.0,0.0,0.0,0.0
0.750244241583333,0.5213219701388888,5.003788063580411E-5,0.0,0.0,0.0,0.0,0.0,5.003788063580411E-5,0.0,0.0
0.750244241583333,0.5213255055277778,0.0,0.0,0.0,0.0,0.0,0.0,0.0,0.0,0.0
0.750244241583333,0.5213290409166667,4.003030450864329E-5,0.0,0.0,1.0007576127160823E-5,0.0,0.0,5.003788063580411E-5,0.0,0.0
0.750244241583333,0.5213325763055555,2.8593074649030916E-5,0.0,0.0,0.0,0.0,0.0,4.288961197354638E-5,0.0,2.8593074649030916E-5
0.750244241583333,0.5213361116944445,6.671717418107215E-5,0.0,0.0,0.0,0.0,0.0,3.335858709053607E-5,0.0,0.0
0.750244241583333,0.5213396470833334,0.0,0.0,0.0,1.0007576127160822E-4,0.0,0.0,0.0,0.0,0.0
0.750244241583333,0.5213431824722222,0.0,0.0,0.0,0.0,0.0,0.0,0.0,0.0,0.0
0.750244241583333,0.5213467178611111,0.0,0.0,0.0,0.0,5.003788063580411E-5,0.0,0.0,0.0,5.003788063580411E-5
0.7502392467499998,0.5212795454722222,0.0,5.003709427978795E-5,0.0,0.0,0.0,0.0,5.003709427978795E-5,0.0,0.0
0.7502392467499998,0.5212830808611112,0.0,0.0,0.0,0.0,0.0,0.0,1.000741885595759E-4,0.0,0.0
0.7502392467499998,0.5212866162500001,5.003709427978795E-5,0.0,0.0,5.003709427978795E-5,0.0,0.0,0.0,0.0,0.0
0.7502392467499998,0.5212901516388888,0.0,0.0,0.0,0.0,0.0,0.0,0.0,0.0,0.0
0.7502392467499998,0.5212936870277778,0.0,0.0,0.0,0.0,0.0,0.0,0.0,0.0,0.0
0.7502392467499998,0.5212972224166667,0.0,0.0,0.0,0.0,0.0,0.0,0.0,0.0,0.0
0.7502392467499998,0.5213007578055555,1.000741885595759E-4,0.0,0.0,0.0,0.0,0.0,0.0,0.0,0.0
0.7502392467499998,0.5213042931944445,0.0,2.5018547139893976E-5,0.0,0.0,2.5018547139893976E-5,0.0,5.003709427978795E-5,0.0,0.0
0.7502392467499998,0.5213078285833334,0.0,5.003709427978795E-5,0.0,1.000741885595759E-5,2.001483771191518E-5,0.0,2.001483771191518E-5,0.0,0.0
0.7502392467499998,0.5213113639722222,6.254636784973494E-6,1.8763910354920482E-5,1.8763910354920482E-5,3.127318392486747E-5,0.0,6.254636784973494E-6,1.2509273569946988E-5,0.0,6.254636784973494E-6
0.7502392467499998,0.5213148993611111,3.3358062853191965E-5,0.0,0.0,3.3358062853191965E-5,0.0,0.0,3.3358062853191965E-5,0.0,0.0
0.7502392467499998,0.52131843475,4.548826752707995E-5,0.0,9.097653505415992E-6,1.8195307010831984E-5,0.0,0.0,1.8195307010831984E-5,9.097653505415992E-6,0.0
0.7502392467499998,0.5213219701388888,5.003709427978795E-5,1.6679031426595983E-5,1.6679031426595983E-5,0.0,0.0,0.0,1.6679031426595983E-5,0.0,0.0
0.7502392467499998,0.5213255055277778,2.8592625302735972E-5,1.4296312651367986E-5,0.0,1.4296312651367986E-5,1.4296312651367986E-5,0.0,2.8592625302735972E-5,0.0,0.0
0.7502392467499998,0.5213290409166667,0.0,0.0,0.0,1.000741885595759E-4,0.0,0.0,0.0,0.0,0.0
0.7502392467499998,0.5213325763055555,0.0,0.0,0.0,0.0,0.0,0.0,0.0,0.0,1.000741885595759E-4
0.7502392467499998,0.5213361116944445,0.0,0.0,0.0,0.0,0.0,0.0,0.0,0.0,0.0
0.7502392467499998,0.5213396470833334,0.0,0.0,0.0,0.0,0.0,0.0,0.0,0.0,0.0
0.7502392467499998,0.5213431824722222,0.0,0.0,1.000741885595759E-4,0.0,0.0,0.0,0.0,0.0,0.0
0.7502392467499998,0.5213467178611111,3.3358062853191965E-5,2.2238708568794645E-5,2.2238708568794645E-5,1.1119354284397322E-5,0.0,0.0,1.1119354284397322E-5,0.0,0.0
0.7502342519166664,0.5212795454722222,6.671507728107625E-5,3.335753864053812E-5,0.0,0.0,0.0,0.0,0.0,0.0,0.0
0.7502342519166664,0.5212830808611112,0.0,0.0,0.0,1.0007261592161437E-4,0.0,0.0,0.0,0.0,0.0
0.7502342519166664,0.5212866162500001,0.0,0.0,0.0,0.0,0.0,0.0,0.0,0.0,0.0
0.7502342519166664,0.5212901516388888,0.0,0.0,0.0,0.0,0.0,0.0,0.0,0.0,0.0
0.7502342519166664,0.5212936870277778,0.0,0.0,0.0,0.0,0.0,0.0,0.0,0.0,0.0
0.7502342519166664,0.5212972224166667,0.0,0.0,0.0,0.0,0.0,0.0,0.0,0.0,0.0
0.7502342519166664,0.5213007578055555,0.0,0.0,0.0,3.335753864053812E-5,0.0,0.0,6.671507728107625E-5,0.0,0.0
0.7502342519166664,0.5213042931944445,0.0,0.0,0.0,5.0036307960807185E-5,0.0,0.0,5.0036307960807185E-5,0.0,0.0
0.7502342519166664,0.5213078285833334,0.0,1.2509076990201796E-5,0.0,2.5018153980403593E-5,3.752723097060539E-5,0.0,0.0,0.0,2.5018153980403593E-5
0.7502342519166664,0.5213113639722222,0.0,3.335753864053812E-5,0.0,3.335753864053812E-5,0.0,0.0,3.335753864053812E-5,0.0,0.0
0.7502342519166664,0.5213148993611111,0.0,0.0,0.0,1.0007261592161437E-4,0.0,0.0,0.0,0.0,0.0
0.7502342519166664,0.52131843475,0.0,4.002904636864575E-5,0.0,2.0014523184322876E-5,0.0,0.0,3.002178477648431E-5,0.0,1.0007261592161438E-5
0.7502342519166664,0.5213219701388888,6.004356955296862E-5,0.0,0.0,2.0014523184322876E-5,0.0,0.0,2.0014523184322876E-5,0.0,0.0
0.7502342519166664,0.5213255055277778,3.335753864053812E-5,1.667876932026906E-5,0.0,1.667876932026906E-5,0.0,0.0,3.335753864053812E-5,0.0,0.0
0.7502342519166664,0.5213290409166667,0.0,0.0,0.0,0.0,0.0,0.0,0.0,0.0,0.0
0.7502342519166664,0.5213325763055555,0.0,0.0,0.0,0.0,0.0,0.0,0.0,0.0,0.0
0.7502342519166664,0.5213361116944445,0.0,0.0,0.0,0.0,0.0,0.0,0.0,0.0,1.0007261592161437E-4
0.7502342519166664,0.5213396470833334,0.0,0.0,0.0,0.0,0.0,0.0,0.0,1.0007261592161437E-4,0.0
0.7502342519166664,0.5213431824722222,0.0,2.8592175977604105E-5,4.288826396640616E-5,2.8592175977604105E-5,0.0,0.0,0.0,0.0,0.0
0.7502342519166664,0.5213467178611111,0.0,0.0,0.0,0.0,0.0,0.0,0.0,0.0,0.0
0.750229257083333,0.5212795454722222,0.0,0.0,0.0,0.0,0.0,0.0,0.0,0.0,0.0
0.750229257083333,0.5212830808611112,0.0,0.0,0.0,1.0007104335771939E-4,0.0,0.0,0.0,0.0,0.0
0.750229257083333,0.5212866162500001,2.5017760839429848E-5,0.0,0.0,2.5017760839429848E-5,0.0,0.0,2.5017760839429848E-5,2.5017760839429848E-5,0.0
0.750229257083333,0.5212901516388888,0.0,0.0,0.0,0.0,0.0,0.0,0.0,0.0,0.0
0.750229257083333,0.5212936870277778,0.0,0.0,0.0,0.0,0.0,0.0,0.0,0.0,0.0
0.750229257083333,0.5212972224166667,0.0,0.0,0.0,0.0,0.0,0.0,0.0,0.0,0.0
0.750229257083333,0.5213007578055555,3.335701445257313E-5,3.335701445257313E-5,0.0,0.0,0.0,0.0,3.335701445257313E-5,0.0,0.0
0.750229257083333,0.5213042931944445,6.004262601463163E-5,0.0,0.0,0.0,2.001420867154388E-5,0.0,0.0,2.001420867154388E-5,0.0
0.750229257083333,0.5213078285833334,2.001420867154388E-5,3.0021313007315816E-5,0.0,4.002841734308776E-5,0.0,0.0,1.000710433577194E-5,0.0,0.0
0.750229257083333,0.5213113639722222,0.0,3.335701445257313E-5,0.0,5.0035521678859695E-5,1.6678507226286565E-5,0.0,0.0,0.0,0.0
0.750229257083333,0.5213148993611111,0.0,0.0,0.0,0.0,0.0,4.002841734308776E-5,6.004262601463163E-5,0.0,0.0
0.750229257083333,0.52131843475,0.0,3.335701445257313E-5,0.0,0.0,0.0,0.0,6.671402890514626E-5,0.0,0.0
0.750229257083333,0.5213219701388888,0.0,0.0,0.0,0.0,0.0,0.0,0.0,0.0,0.0
0.750229257083333,0.5213255055277778,0.0,0.0,0.0,0.0,0.0,0.0,0.0,0.0,1.0007104335771939E-4
0.750229257083333,0.5213290409166667,0.0,0.0,0.0,0.0,0.0,0.0,0.0,0.0,0.0
0.750229257083333,0.5213325763055555,0.0,0.0,0.0,0.0,0.0,0.0,0.0,0.0,0.0
0.750229257083333,0.5213361116944445,0.0,0.0,0.0,3.335701445257313E-5,0.0,3.335701445257313E-5,3.335701445257313E-5,0.0,0.0
0.750229257083333,0.5213396470833334,0.0,0.0,0.0,0.0,5.0035521678859695E-5,0.0,5.0035521678859695E-5,0.0,0.0
0.750229257083333,0.5213431824722222,0.0,3.335701445257313E-5,1.1119004817524375E-5,5.5595024087621883E-5,0.0,0.0,0.0,0.0,0.0
0.750229257083333,0.5213467178611111,0.0,0.0,0.0,0.0,0.0,0.0,1.0007104335771939E-4,0.0,0.0
0.7502242622499996,0.5212795454722222,2.5017367716971663E-5,0.0,2.5017367716971663E-5,0.0,5.003473543394333E-5,0.0,0.0,0.0,0.0
0.7502242622499996,0.5212830808611112,0.0,0.0,0.0,0.0,1.0006947086788665E-4,0.0,0.0,0.0,0.0
0.7502242622499996,0.5212866162500001,0.0,0.0,0.0,5.003473543394333E-5,0.0,0.0,5.003473543394333E-5,0.0,0.0
0.7502242622499996,0.5212901516388888,0.0,0.0,0.0,0.0,0.0,0.0,0.0,0.0,0.0
0.7502242622499996,0.5212936870277778,0.0,0.0,0.0,0.0,0.0,0.0,1.0006947086788665E-4,0.0,0.0
0.7502242622499996,0.5212972224166667,0.0,0.0,0.0,0.0,0.0,0.0,0.0,0.0,0.0
0.7502242622499996,0.5213007578055555,0.0,0.0,0.0,0.0,0.0,1.0006947086788665E-4,0.0,0.0,0.0
0.7502242622499996,0.5213042931944445,0.0,2.5017367716971663E-5,0.0,2.5017367716971663E-5,0.0,0.0,5.003473543394333E-5,0.0,0.0
0.7502242622499996,0.5213078285833334,1.334259611571822E-5,3.335649028929555E-5,0.0,3.335649028929555E-5,0.0,0.0,1.334259611571822E-5,6.67129805785911E-6,0.0
0.7502242622499996,0.5213113639722222,0.0,5.003473543394333E-5,0.0,2.5017367716971663E-5,0.0,0.0,2.5017367716971663E-5,0.0,0.0
0.7502242622499996,0.5213148993611111,0.0,0.0,0.0,0.0,0.0,0.0,0.0,0.0,0.0
0.7502242622499996,0.52131843475,0.0,0.0,0.0,0.0,0.0,1.0006947086788665E-4,0.0,0.0,0.0
0.7502242622499996,0.5213219701388888,0.0,0.0,0.0,0.0,0.0,0.0,1.0006947086788665E-4,0.0,0.0
0.7502242622499996,0.5213255055277778,0.0,0.0,0.0,0.0,0.0,0.0,0.0,0.0,0.0
0.7502242622499996,0.5213290409166667,0.0,0.0,0.0,0.0,0.0,0.0,0.0,0.0,0.0
0.7502242622499996,0.5213325763055555,0.0,0.0,0.0,5.003473543394333E-5,5.003473543394333E-5,0.0,0.0,0.0,0.0
0.7502242622499996,0.5213361116944445,0.0,0.0,0.0,0.0,0.0,0.0,0.0,0.0,0.0
0.7502242622499996,0.5213396470833334,2.001389417357733E-5,0.0,0.0,6.004168252073199E-5,0.0,0.0,2.001389417357733E-5,0.0,0.0
0.7502242622499996,0.5213431824722222,0.0,0.0,0.0,5.003473543394333E-5,0.0,5.003473543394333E-5,0.0,0.0,0.0
0.7502242622499996,0.5213467178611111,0.0,0.0,0.0,0.0,0.0,0.0,0.0,0.0,0.0
0.7502192674166663,0.5212795454722222,5.00339492260559E-5,0.0,0.0,5.00339492260559E-5,0.0,0.0,0.0,0.0,0.0
0.7502192674166663,0.5212830808611112,0.0,0.0,0.0,0.0,0.0,0.0,0.0,0.0,0.0
0.7502192674166663,0.5212866162500001,0.0,0.0,0.0,0.0,0.0,0.0,0.0,0.0,0.0
0.7502192674166663,0.5212901516388888,0.0,0.0,0.0,0.0,0.0,0.0,0.0,0.0,0.0
0.7502192674166663,0.5212936870277778,0.0,0.0,0.0,0.0,0.0,0.0,0.0,0.0,0.0
0.7502192674166663,0.5212972224166667,1.000678984521118E-4,0.0,0.0,0.0,0.0,0.0,0.0,0.0,0.0
0.7502192674166663,0.5213007578055555,0.0,0.0,0.0,2.0013579690422363E-5,0.0,2.0013579690422363E-5,4.0027159380844725E-5,0.0,2.0013579690422363E-5
0.7502192674166663,0.5213042931944445,0.0,3.335596615070393E-5,0.0,0.0,0.0,6.671193230140786E-5,0.0,0.0,0.0
0.7502192674166663,0.5213078285833334,0.0,2.0013579690422363E-5,0.0,0.0,0.0,2.0013579690422363E-5,4.0027159380844725E-5,2.0013579690422363E-5,0.0
0.7502192674166663,0.5213113639722222,1.6677983075351965E-5,6.671193230140786E-5,0.0,0.0,0.0,0.0,1.6677983075351965E-5,0.0,0.0
0.7502192674166663,0.5213148993611111,0.0,0.0,0.0,0.0,0.0,0.0,1.000678984521118E-4,0.0,0.0
0.7502192674166663,0.52131843475,0.0,0.0,0.0,0.0,0.0,0.0,5.00339492260559E-5,0.0,5.00339492260559E-5
0.7502192674166663,0.5213219701388888,0.0,0.0,0.0,0.0,0.0,3.335596615070393E-5,6.671193230140786E-5,0.0,0.0
0.7502192674166663,0.5213255055277778,0.0,0.0,0.0,0.0,0.0,0.0,0.0,0.0,0.0
0.7502192674166663,0.5213290409166667,0.0,0.0,0.0,0.0,0.0,0.0,0.0,1.000678984521118E-4,0.0
0.7502192674166663,0.5213325763055555,0.0,1.000678984521118E-4,0.0,0.0,0.0,0.0,0.0,0.0,0.0
0.7502192674166663,0.5213361116944445,0.0,0.0,0.0,0.0,5.00339492260559E-5,0.0,0.0,0.0,5.00339492260559E-5
0.7502192674166663,0.5213396470833334,0.0,0.0,0.0,2.501697461302795E-5,0.0,0.0,2.501697461302795E-5,2.501697461302795E-5,2.501697461302795E-5
0.7502192674166663,0.5213431824722222,0.0,0.0,0.0,0.0,0.0,0.0,0.0,0.0,0.0
0.7502192674166663,0.5213467178611111,0.0,0.0,0.0,0.0,0.0,0.0,0.0,0.0,0.0
