deltad(Arts & Entertainment),0.1808054243878835
deltad(College & University),0.06597317120218724
deltad(Event),0.002750225511295501
deltad(Food),0.8960139459574977
deltad(Nightlife Spot),0.2720992118990714
deltad(Outdoors & Recreation),0.7210401466183186
deltad(Professional & Other Places),0.6773336291234706
deltad(Residence),0.7372553500141323
deltad(Shop & Service),0.8554651615881597
deltad(Travel & Transport),0.43585697537258206
deltad(Arts & Entertainment AND College & University),-0.05256158278421219
deltad(Arts & Entertainment AND Event),-0.0058740278100411466
deltad(Arts & Entertainment AND Food),-0.09467496684666839
deltad(Arts & Entertainment AND Nightlife Spot),-0.04687250246293259
deltad(Arts & Entertainment AND Outdoors & Recreation),-0.014152138123388655
deltad(Arts & Entertainment AND Professional & Other Places),-0.08769354066150614
deltad(Arts & Entertainment AND Residence),-0.07463588196872914
deltad(Arts & Entertainment AND Shop & Service),-0.08039483565375628
deltad(Arts & Entertainment AND Travel & Transport),-0.03501639966834165
deltad(College & University AND Event),-0.0051573884547688915
deltad(College & University AND Food),-0.17260230373675128
deltad(College & University AND Nightlife Spot),-0.06394119021507384
deltad(College & University AND Outdoors & Recreation),-0.06377725542124477
deltad(College & University AND Professional & Other Places),-0.19261771381140633
deltad(College & University AND Residence),-0.11605410909983509
deltad(College & University AND Shop & Service),-0.12164796878154875
deltad(College & University AND Travel & Transport),-0.056775185317830656
deltad(Event AND Food),-0.03505207428276534
deltad(Event AND Nightlife Spot),-0.015267370031983894
deltad(Event AND Outdoors & Recreation),-0.01350429710535749
deltad(Event AND Professional & Other Places),-0.021225604955386123
deltad(Event AND Residence),-0.011350962761621404
deltad(Event AND Shop & Service),-0.031002134607302556
deltad(Event AND Travel & Transport),-0.016813271135336618
deltad(Food AND Nightlife Spot),-0.2553847153750486
deltad(Food AND Outdoors & Recreation),0.04153428056582242
deltad(Food AND Professional & Other Places),-0.20569861531706807
deltad(Food AND Residence),-0.0027941705700148534
deltad(Food AND Shop & Service),-0.3252604854328919
deltad(Food AND Travel & Transport),-0.2142441847243997
deltad(Nightlife Spot AND Outdoors & Recreation),-0.03382374164931076
deltad(Nightlife Spot AND Professional & Other Places),-0.11568962855660173
deltad(Nightlife Spot AND Residence),-0.05922060286418693
deltad(Nightlife Spot AND Shop & Service),-0.16680821992750272
deltad(Nightlife Spot AND Travel & Transport),-0.1112285455979672
deltad(Outdoors & Recreation AND Professional & Other Places),0.08011274133705443
deltad(Outdoors & Recreation AND Residence),0.09265774257375659
deltad(Outdoors & Recreation AND Shop & Service),0.07344629020529281
deltad(Outdoors & Recreation AND Travel & Transport),-0.0982023323200851
deltad(Professional & Other Places AND Residence),-0.15251987553856672
deltad(Professional & Other Places AND Shop & Service),-0.4496191772631838
deltad(Professional & Other Places AND Travel & Transport),-0.04255095279036347
deltad(Residence AND Shop & Service),-0.1722501739331399
deltad(Residence AND Travel & Transport),-0.022682003721174265
deltad(Shop & Service AND Travel & Transport),-0.08846651819241635
deltad(Arts & Entertainment AND College & University AND Event),-0.04687085461019614
deltad(Arts & Entertainment AND College & University AND Food),-1.9637973135963496
deltad(Arts & Entertainment AND College & University AND Nightlife Spot),-0.6688343016234247
deltad(Arts & Entertainment AND College & University AND Outdoors & Recreation),-0.5592277059764144
deltad(Arts & Entertainment AND College & University AND Professional & Other Places),-1.3532536332626615
deltad(Arts & Entertainment AND College & University AND Residence),-0.7575575432379875
deltad(Arts & Entertainment AND College & University AND Shop & Service),-0.9790842326386506
deltad(Arts & Entertainment AND College & University AND Travel & Transport),-0.46865051830449417
deltad(Arts & Entertainment AND Event AND Food),-0.18687798606089615
deltad(Arts & Entertainment AND Event AND Nightlife Spot),-0.08386495545738164
deltad(Arts & Entertainment AND Event AND Outdoors & Recreation),-0.06914700525775491
deltad(Arts & Entertainment AND Event AND Professional & Other Places),-0.16887800348809967
deltad(Arts & Entertainment AND Event AND Residence),-0.04487929138599457
deltad(Arts & Entertainment AND Event AND Shop & Service),-0.1318904421515263
deltad(Arts & Entertainment AND Event AND Travel & Transport),-0.056877528652097095
deltad(Arts & Entertainment AND Food AND Nightlife Spot),-3.01667091625064
deltad(Arts & Entertainment AND Food AND Outdoors & Recreation),-2.5525731722034504
deltad(Arts & Entertainment AND Food AND Professional & Other Places),-4.4477463289616885
deltad(Arts & Entertainment AND Food AND Residence),-2.3709659492656994
deltad(Arts & Entertainment AND Food AND Shop & Service),-4.695187103163001
deltad(Arts & Entertainment AND Food AND Travel & Transport),-2.614459727216737
deltad(Arts & Entertainment AND Nightlife Spot AND Outdoors & Recreation),-1.0867095519796546
deltad(Arts & Entertainment AND Nightlife Spot AND Professional & Other Places),-1.60379849774669
deltad(Arts & Entertainment AND Nightlife Spot AND Residence),-1.1871817448188449
deltad(Arts & Entertainment AND Nightlife Spot AND Shop & Service),-1.8262348357682363
deltad(Arts & Entertainment AND Nightlife Spot AND Travel & Transport),-0.9489408890636764
deltad(Arts & Entertainment AND Outdoors & Recreation AND Professional & Other Places),-1.5956113967789782
deltad(Arts & Entertainment AND Outdoors & Recreation AND Residence),-1.407081373034635
deltad(Arts & Entertainment AND Outdoors & Recreation AND Shop & Service),-2.035440051903106
deltad(Arts & Entertainment AND Outdoors & Recreation AND Travel & Transport),-1.1388992257910144
deltad(Arts & Entertainment AND Professional & Other Places AND Residence),-3.2926720999441734
deltad(Arts & Entertainment AND Professional & Other Places AND Shop & Service),-4.133218716848148
deltad(Arts & Entertainment AND Professional & Other Places AND Travel & Transport),-1.7048943304743165
deltad(Arts & Entertainment AND Residence AND Shop & Service),-3.072670473713689
deltad(Arts & Entertainment AND Residence AND Travel & Transport),-1.2286294491089165
deltad(Arts & Entertainment AND Shop & Service AND Travel & Transport),-1.5085951474949293
deltad(College & University AND Event AND Food),-0.22197451466743243
deltad(College & University AND Event AND Nightlife Spot),-0.08527072784718437
deltad(College & University AND Event AND Outdoors & Recreation),-0.09936057895611536
deltad(College & University AND Event AND Professional & Other Places),-0.0991833305472861
deltad(College & University AND Event AND Residence),-0.05932828664480212
deltad(College & University AND Event AND Shop & Service),-0.0813642100335933
deltad(College & University AND Event AND Travel & Transport),-0.06518685189907587
deltad(College & University AND Food AND Nightlife Spot),-3.091900956962644
deltad(College & University AND Food AND Outdoors & Recreation),-2.249502336869546
deltad(College & University AND Food AND Professional & Other Places),-4.44769566661365
deltad(College & University AND Food AND Residence),-2.5475989651089193
deltad(College & University AND Food AND Shop & Service),-3.961005865969006
deltad(College & University AND Food AND Travel & Transport),-1.4745598366395976
deltad(College & University AND Nightlife Spot AND Outdoors & Recreation),-0.7510570051930695
deltad(College & University AND Nightlife Spot AND Professional & Other Places),-1.7087102308121809
deltad(College & University AND Nightlife Spot AND Residence),-0.792981859152062
deltad(College & University AND Nightlife Spot AND Shop & Service),-1.4022592535172884
deltad(College & University AND Nightlife Spot AND Travel & Transport),-0.6883266021425769
deltad(College & University AND Outdoors & Recreation AND Professional & Other Places),-1.9535814697898444
deltad(College & University AND Outdoors & Recreation AND Residence),-1.0928636255821371
deltad(College & University AND Outdoors & Recreation AND Shop & Service),-1.566969597117288
deltad(College & University AND Outdoors & Recreation AND Travel & Transport),-0.5263806908535574
deltad(College & University AND Professional & Other Places AND Residence),-2.9316759220427944
deltad(College & University AND Professional & Other Places AND Shop & Service),-4.377461049968622
deltad(College & University AND Professional & Other Places AND Travel & Transport),-1.3677557261719673
deltad(College & University AND Residence AND Shop & Service),-2.6352732414953026
deltad(College & University AND Residence AND Travel & Transport),-1.10077281487885
deltad(College & University AND Shop & Service AND Travel & Transport),-1.4800148794933952
deltad(Event AND Food AND Nightlife Spot),-0.6782803994096565
deltad(Event AND Food AND Outdoors & Recreation),-0.6456008081848981
deltad(Event AND Food AND Professional & Other Places),-0.7254308240969919
deltad(Event AND Food AND Residence),-0.31343028682738655
deltad(Event AND Food AND Shop & Service),-0.9324266554591341
deltad(Event AND Food AND Travel & Transport),-0.6732923260419748
deltad(Event AND Nightlife Spot AND Outdoors & Recreation),-0.22533667869747329
deltad(Event AND Nightlife Spot AND Professional & Other Places),-0.25612262528223256
deltad(Event AND Nightlife Spot AND Residence),-0.09398422869745875
deltad(Event AND Nightlife Spot AND Shop & Service),-0.3354067889429657
deltad(Event AND Nightlife Spot AND Travel & Transport),-0.36264749830279647
deltad(Event AND Outdoors & Recreation AND Professional & Other Places),-0.2460255979122275
deltad(Event AND Outdoors & Recreation AND Residence),-0.15884131684810154
deltad(Event AND Outdoors & Recreation AND Shop & Service),-0.27387318860049
deltad(Event AND Outdoors & Recreation AND Travel & Transport),-0.30048780136467435
deltad(Event AND Professional & Other Places AND Residence),-0.1562817767224977
deltad(Event AND Professional & Other Places AND Shop & Service),-0.6102322490243919
deltad(Event AND Professional & Other Places AND Travel & Transport),-0.16952697292936555
deltad(Event AND Residence AND Shop & Service),-0.5696351293098951
deltad(Event AND Residence AND Travel & Transport),-0.1283929704879399
deltad(Event AND Shop & Service AND Travel & Transport),-0.2835654476214795
deltad(Food AND Nightlife Spot AND Outdoors & Recreation),-5.995585615533456
deltad(Food AND Nightlife Spot AND Professional & Other Places),-7.358146952263305
deltad(Food AND Nightlife Spot AND Residence),-4.236303694996081
deltad(Food AND Nightlife Spot AND Shop & Service),-9.738954532318214
deltad(Food AND Nightlife Spot AND Travel & Transport),-6.908495637601437
deltad(Food AND Outdoors & Recreation AND Professional & Other Places),-6.148469195601462
deltad(Food AND Outdoors & Recreation AND Residence),-5.181099467377527
deltad(Food AND Outdoors & Recreation AND Shop & Service),-9.538563459426346
deltad(Food AND Outdoors & Recreation AND Travel & Transport),-6.704410480645915
deltad(Food AND Professional & Other Places AND Residence),-8.639313776044489
deltad(Food AND Professional & Other Places AND Shop & Service),-18.516997873971306
deltad(Food AND Professional & Other Places AND Travel & Transport),-6.338801417348831
deltad(Food AND Residence AND Shop & Service),-11.91910700128858
deltad(Food AND Residence AND Travel & Transport),-4.625226845179363
deltad(Food AND Shop & Service AND Travel & Transport),-8.37326722603179
deltad(Nightlife Spot AND Outdoors & Recreation AND Professional & Other Places),-2.5087159521443247
deltad(Nightlife Spot AND Outdoors & Recreation AND Residence),-2.2506140327881416
deltad(Nightlife Spot AND Outdoors & Recreation AND Shop & Service),-3.541625966702844
deltad(Nightlife Spot AND Outdoors & Recreation AND Travel & Transport),-2.9306600779973366
deltad(Nightlife Spot AND Professional & Other Places AND Residence),-3.4141128793655637
deltad(Nightlife Spot AND Professional & Other Places AND Shop & Service),-7.242659772582673
deltad(Nightlife Spot AND Professional & Other Places AND Travel & Transport),-1.8986039146050695
deltad(Nightlife Spot AND Residence AND Shop & Service),-4.563881306924521
deltad(Nightlife Spot AND Residence AND Travel & Transport),-1.862453287404598
deltad(Nightlife Spot AND Shop & Service AND Travel & Transport),-3.167464031480425
deltad(Outdoors & Recreation AND Professional & Other Places AND Residence),-4.659783750333931
deltad(Outdoors & Recreation AND Professional & Other Places AND Shop & Service),-7.022011717282581
deltad(Outdoors & Recreation AND Professional & Other Places AND Travel & Transport),-3.0757258693113534
deltad(Outdoors & Recreation AND Residence AND Shop & Service),-5.479607161095942
deltad(Outdoors & Recreation AND Residence AND Travel & Transport),-2.599369535641721
deltad(Outdoors & Recreation AND Shop & Service AND Travel & Transport),-4.300697223899157
deltad(Professional & Other Places AND Residence AND Shop & Service),-12.735711579480288
deltad(Professional & Other Places AND Residence AND Travel & Transport),-3.373940394227083
deltad(Professional & Other Places AND Shop & Service AND Travel & Transport),-5.656873448249538
deltad(Residence AND Shop & Service AND Travel & Transport),-4.952879067721543
