deltad(Arts & Entertainment),0.36784831269840457
deltad(College & University),0.2605477738974211
deltad(Event),0.009438614470926011
deltad(Food),1.644536686514607
deltad(Nightlife Spot),0.5133975698557759
deltad(Outdoors & Recreation),1.2574288335851276
deltad(Professional & Other Places),1.6137856035963511
deltad(Residence),1.4432107494782052
deltad(Shop & Service),1.9882942792702036
deltad(Travel & Transport),1.0542840659338961
deltad(Arts & Entertainment AND College & University),-0.014903054429766638
deltad(Arts & Entertainment AND Event),-0.015074300912823153
deltad(Arts & Entertainment AND Food),0.034646477288061694
deltad(Arts & Entertainment AND Nightlife Spot),-0.06013805285707796
deltad(Arts & Entertainment AND Outdoors & Recreation),0.09726382436904452
deltad(Arts & Entertainment AND Professional & Other Places),-0.18836964270584522
deltad(Arts & Entertainment AND Residence),-0.015338292287221389
deltad(Arts & Entertainment AND Shop & Service),0.1988341725863002
deltad(Arts & Entertainment AND Travel & Transport),0.12629311597287485
deltad(College & University AND Event),-0.001595801188499767
deltad(College & University AND Food),-0.5819633101260747
deltad(College & University AND Nightlife Spot),-0.2546881139334677
deltad(College & University AND Outdoors & Recreation),-0.2786393472716173
deltad(College & University AND Professional & Other Places),-1.0126021961122154
deltad(College & University AND Residence),-0.3316917963184771
deltad(College & University AND Shop & Service),0.14064365801130352
deltad(College & University AND Travel & Transport),-0.06252034386005934
deltad(Event AND Food),-0.1134141735692774
deltad(Event AND Nightlife Spot),-0.021054059495977304
deltad(Event AND Outdoors & Recreation),-0.003911319303301894
deltad(Event AND Professional & Other Places),-0.09633798543132809
deltad(Event AND Residence),-0.08512981842326692
deltad(Event AND Shop & Service),-0.11036225971127722
deltad(Event AND Travel & Transport),-0.03230395136974294
deltad(Food AND Nightlife Spot),-0.6714286144209091
deltad(Food AND Outdoors & Recreation),0.9614497461514895
deltad(Food AND Professional & Other Places),0.36508757947947545
deltad(Food AND Residence),1.3259954811351655
deltad(Food AND Shop & Service),0.8209929843983979
deltad(Food AND Travel & Transport),0.49727059344155555
deltad(Nightlife Spot AND Outdoors & Recreation),0.10265765634032065
deltad(Nightlife Spot AND Professional & Other Places),0.14191603823815002
deltad(Nightlife Spot AND Residence),0.31606276936396815
deltad(Nightlife Spot AND Shop & Service),-0.09860849741038602
deltad(Nightlife Spot AND Travel & Transport),0.04184924338517748
deltad(Outdoors & Recreation AND Professional & Other Places),1.0284642298719682
deltad(Outdoors & Recreation AND Residence),1.2738160656547866
deltad(Outdoors & Recreation AND Shop & Service),1.545730437887572
deltad(Outdoors & Recreation AND Travel & Transport),0.44167276907935293
deltad(Professional & Other Places AND Residence),0.9005725114670255
deltad(Professional & Other Places AND Shop & Service),0.025151809713847673
deltad(Professional & Other Places AND Travel & Transport),0.7018705872421633
deltad(Residence AND Shop & Service),1.2660330797193997
deltad(Residence AND Travel & Transport),0.8209299442489407
deltad(Shop & Service AND Travel & Transport),0.9061192976262955
deltad(Arts & Entertainment AND College & University AND Event),-0.06423236722688402
deltad(Arts & Entertainment AND College & University AND Food),-5.161458397608928
deltad(Arts & Entertainment AND College & University AND Nightlife Spot),-1.9622867245078903
deltad(Arts & Entertainment AND College & University AND Outdoors & Recreation),-2.506127696518164
deltad(Arts & Entertainment AND College & University AND Professional & Other Places),-3.876105789090511
deltad(Arts & Entertainment AND College & University AND Residence),-2.3291119427458016
deltad(Arts & Entertainment AND College & University AND Shop & Service),-2.6256378917646424
deltad(Arts & Entertainment AND College & University AND Travel & Transport),-0.6477636843674695
deltad(Arts & Entertainment AND Event AND Food),-0.4468386957421589
deltad(Arts & Entertainment AND Event AND Nightlife Spot),-0.1675174519724949
deltad(Arts & Entertainment AND Event AND Outdoors & Recreation),-0.16295489344046823
deltad(Arts & Entertainment AND Event AND Professional & Other Places),-0.6314883092245452
deltad(Arts & Entertainment AND Event AND Residence),-0.14835264849037466
deltad(Arts & Entertainment AND Event AND Shop & Service),-0.5469858391386189
deltad(Arts & Entertainment AND Event AND Travel & Transport),-0.07203260368562152
deltad(Arts & Entertainment AND Food AND Nightlife Spot),-9.140827814206657
deltad(Arts & Entertainment AND Food AND Outdoors & Recreation),-8.801154001381462
deltad(Arts & Entertainment AND Food AND Professional & Other Places),-17.952563417645504
deltad(Arts & Entertainment AND Food AND Residence),-7.275440979161848
deltad(Arts & Entertainment AND Food AND Shop & Service),-14.445794073976279
deltad(Arts & Entertainment AND Food AND Travel & Transport),-5.412146864904181
deltad(Arts & Entertainment AND Nightlife Spot AND Outdoors & Recreation),-4.231519901456282
deltad(Arts & Entertainment AND Nightlife Spot AND Professional & Other Places),-6.120989486210929
deltad(Arts & Entertainment AND Nightlife Spot AND Residence),-3.587186992997132
deltad(Arts & Entertainment AND Nightlife Spot AND Shop & Service),-5.76695740709597
deltad(Arts & Entertainment AND Nightlife Spot AND Travel & Transport),-2.058639081429381
deltad(Arts & Entertainment AND Outdoors & Recreation AND Professional & Other Places),-8.801533454246378
deltad(Arts & Entertainment AND Outdoors & Recreation AND Residence),-4.4615861384781725
deltad(Arts & Entertainment AND Outdoors & Recreation AND Shop & Service),-6.209193551427779
deltad(Arts & Entertainment AND Outdoors & Recreation AND Travel & Transport),-4.324519258469007
deltad(Arts & Entertainment AND Professional & Other Places AND Residence),-15.244438922491598
deltad(Arts & Entertainment AND Professional & Other Places AND Shop & Service),-17.387470446902483
deltad(Arts & Entertainment AND Professional & Other Places AND Travel & Transport),-6.279916525993341
deltad(Arts & Entertainment AND Residence AND Shop & Service),-9.009127805674144
deltad(Arts & Entertainment AND Residence AND Travel & Transport),-5.234791410047371
deltad(Arts & Entertainment AND Shop & Service AND Travel & Transport),-4.048720736419543
deltad(College & University AND Event AND Food),-0.15676154151858313
deltad(College & University AND Event AND Nightlife Spot),-0.03027405138547034
deltad(College & University AND Event AND Outdoors & Recreation),-0.02633078849310598
deltad(College & University AND Event AND Professional & Other Places),-0.28946980641945813
deltad(College & University AND Event AND Residence),0.007713337953998001
deltad(College & University AND Event AND Shop & Service),-0.18795728021903121
deltad(College & University AND Event AND Travel & Transport),0.005672890279874972
deltad(College & University AND Food AND Nightlife Spot),-18.68399970666432
deltad(College & University AND Food AND Outdoors & Recreation),-11.647042352965356
deltad(College & University AND Food AND Professional & Other Places),-21.668988048507384
deltad(College & University AND Food AND Residence),-10.024074439495582
deltad(College & University AND Food AND Shop & Service),-12.030660900502989
deltad(College & University AND Food AND Travel & Transport),-9.387350042231416
deltad(College & University AND Nightlife Spot AND Outdoors & Recreation),-4.334708641885461
deltad(College & University AND Nightlife Spot AND Professional & Other Places),-7.314074387834579
deltad(College & University AND Nightlife Spot AND Residence),-3.807408890920358
deltad(College & University AND Nightlife Spot AND Shop & Service),-3.8464072800741165
deltad(College & University AND Nightlife Spot AND Travel & Transport),-5.157024020020744
deltad(College & University AND Outdoors & Recreation AND Professional & Other Places),-15.043371023576906
deltad(College & University AND Outdoors & Recreation AND Residence),-4.928103567216971
deltad(College & University AND Outdoors & Recreation AND Shop & Service),-6.036939401717113
deltad(College & University AND Outdoors & Recreation AND Travel & Transport),-2.8764027466900197
deltad(College & University AND Professional & Other Places AND Residence),-10.352036314509899
deltad(College & University AND Professional & Other Places AND Shop & Service),-13.248896107540832
deltad(College & University AND Professional & Other Places AND Travel & Transport),-5.468449372757225
deltad(College & University AND Residence AND Shop & Service),-6.582272424739934
deltad(College & University AND Residence AND Travel & Transport),-4.163955138991184
deltad(College & University AND Shop & Service AND Travel & Transport),-1.8954253093365738
deltad(Event AND Food AND Nightlife Spot),-0.7208434404790539
deltad(Event AND Food AND Outdoors & Recreation),-0.5817748122030078
deltad(Event AND Food AND Professional & Other Places),-3.43457673341319
deltad(Event AND Food AND Residence),-1.8361631660035116
deltad(Event AND Food AND Shop & Service),-2.7614036808290106
deltad(Event AND Food AND Travel & Transport),-1.3693839499515583
deltad(Event AND Nightlife Spot AND Outdoors & Recreation),-0.1672579579359603
deltad(Event AND Nightlife Spot AND Professional & Other Places),-0.6178647527346585
deltad(Event AND Nightlife Spot AND Residence),-0.5314296782408683
deltad(Event AND Nightlife Spot AND Shop & Service),-0.755494258629791
deltad(Event AND Nightlife Spot AND Travel & Transport),-0.23981152142994167
deltad(Event AND Outdoors & Recreation AND Professional & Other Places),-0.42918214945206645
deltad(Event AND Outdoors & Recreation AND Residence),-0.47973706339649297
deltad(Event AND Outdoors & Recreation AND Shop & Service),-0.7764487623010925
deltad(Event AND Outdoors & Recreation AND Travel & Transport),-0.17963259895139372
deltad(Event AND Professional & Other Places AND Residence),-1.3397945967586806
deltad(Event AND Professional & Other Places AND Shop & Service),-2.3790364572234157
deltad(Event AND Professional & Other Places AND Travel & Transport),-1.0209835887187007
deltad(Event AND Residence AND Shop & Service),-4.819224029585633
deltad(Event AND Residence AND Travel & Transport),-1.0191357297941892
deltad(Event AND Shop & Service AND Travel & Transport),-1.30103358880768
deltad(Food AND Nightlife Spot AND Outdoors & Recreation),-23.094874095214866
deltad(Food AND Nightlife Spot AND Professional & Other Places),-21.138873757119125
deltad(Food AND Nightlife Spot AND Residence),-15.342878540243506
deltad(Food AND Nightlife Spot AND Shop & Service),-38.98540138822708
deltad(Food AND Nightlife Spot AND Travel & Transport),-20.403457794000772
deltad(Food AND Outdoors & Recreation AND Professional & Other Places),-23.359672611193876
deltad(Food AND Outdoors & Recreation AND Residence),-9.110595417579495
deltad(Food AND Outdoors & Recreation AND Shop & Service),-31.022666741152612
deltad(Food AND Outdoors & Recreation AND Travel & Transport),-19.6342198623161
deltad(Food AND Professional & Other Places AND Residence),-27.01060780268869
deltad(Food AND Professional & Other Places AND Shop & Service),-68.24590469767521
deltad(Food AND Professional & Other Places AND Travel & Transport),-27.68153224479544
deltad(Food AND Residence AND Shop & Service),-30.203700158180975
deltad(Food AND Residence AND Travel & Transport),-15.240823528952275
deltad(Food AND Shop & Service AND Travel & Transport),-30.71953829979416
deltad(Nightlife Spot AND Outdoors & Recreation AND Professional & Other Places),-8.05238998063402
deltad(Nightlife Spot AND Outdoors & Recreation AND Residence),-4.216685876811367
deltad(Nightlife Spot AND Outdoors & Recreation AND Shop & Service),-13.557565878758865
deltad(Nightlife Spot AND Outdoors & Recreation AND Travel & Transport),-9.351841152359853
deltad(Nightlife Spot AND Professional & Other Places AND Residence),-10.4704990603695
deltad(Nightlife Spot AND Professional & Other Places AND Shop & Service),-22.78497488157906
deltad(Nightlife Spot AND Professional & Other Places AND Travel & Transport),-6.608533632501732
deltad(Nightlife Spot AND Residence AND Shop & Service),-11.538810950534815
deltad(Nightlife Spot AND Residence AND Travel & Transport),-5.4418300814331335
deltad(Nightlife Spot AND Shop & Service AND Travel & Transport),-13.881269559760213
deltad(Outdoors & Recreation AND Professional & Other Places AND Residence),-12.9142879625671
deltad(Outdoors & Recreation AND Professional & Other Places AND Shop & Service),-27.243377742130146
deltad(Outdoors & Recreation AND Professional & Other Places AND Travel & Transport),-14.379900337476883
deltad(Outdoors & Recreation AND Residence AND Shop & Service),-13.257681817800606
deltad(Outdoors & Recreation AND Residence AND Travel & Transport),-6.42273837194824
deltad(Outdoors & Recreation AND Shop & Service AND Travel & Transport),-13.646785185022857
deltad(Professional & Other Places AND Residence AND Shop & Service),-42.27249357287505
deltad(Professional & Other Places AND Residence AND Travel & Transport),-11.556237147943003
deltad(Professional & Other Places AND Shop & Service AND Travel & Transport),-25.71687147754032
deltad(Residence AND Shop & Service AND Travel & Transport),-20.49211692739103
