deltad(Arts & Entertainment),32.08886774985608
deltad(College & University),1.3717060072982235
deltad(Event),225.55273537840483
deltad(Food),39.8729856309089
deltad(Nightlife Spot),61.85899603402468
deltad(Outdoors & Recreation),156.78177526338808
deltad(Professional & Other Places),126.73616505865606
deltad(Residence),181.34240284953722
deltad(Shop & Service),79.00427816217582
deltad(Travel & Transport),1.2617016597079378
deltad(Arts & Entertainment AND College & University),206.46700721066878
deltad(Arts & Entertainment AND Event),36.600450975844666
deltad(Arts & Entertainment AND Food),56.62174339147907
deltad(Arts & Entertainment AND Nightlife Spot),143.39549785740158
deltad(Arts & Entertainment AND Outdoors & Recreation),115.79768368799353
deltad(Arts & Entertainment AND Professional & Other Places),166.061780462269
deltad(Arts & Entertainment AND Residence),72.48668934900701
deltad(Arts & Entertainment AND Shop & Service),8.801294896673607
deltad(Arts & Entertainment AND Travel & Transport),1.560911268286312
deltad(College & University AND Event),2.41864716191487
deltad(College & University AND Food),6.12461581925274
deltad(College & University AND Nightlife Spot),4.9593686912739425
deltad(College & University AND Outdoors & Recreation),7.081050274445164
deltad(College & University AND Professional & Other Places),3.0819697284307352
deltad(College & University AND Residence),256.0404638686678
deltad(College & University AND Shop & Service),395.9690908166399
deltad(College & University AND Travel & Transport),1004.1627769813043
deltad(Event AND Food),810.9425024967735
deltad(Event AND Nightlife Spot),1159.8167539109688
deltad(Event AND Outdoors & Recreation),505.84386695013006
deltad(Event AND Professional & Other Places),70.2515748400703
deltad(Event AND Residence),178.45931461188556
deltad(Event AND Shop & Service),144.03966418205002
deltad(Event AND Travel & Transport),206.20782786913338
deltad(Food AND Nightlife Spot),89.93310994899824
deltad(Food AND Outdoors & Recreation),275.5619092593166
deltad(Food AND Professional & Other Places),222.38128503211843
deltad(Food AND Residence),318.1963177863516
deltad(Food AND Shop & Service),139.05331978420156
deltad(Food AND Travel & Transport),564.4574484634657
deltad(Nightlife Spot AND Outdoors & Recreation),807.8086134729106
deltad(Nightlife Spot AND Professional & Other Places),351.8532735107284
deltad(Nightlife Spot AND Residence),651.0141199505814
deltad(Nightlife Spot AND Shop & Service),284.4477409627888
deltad(Nightlife Spot AND Travel & Transport),406.45580865713686
deltad(Outdoors & Recreation AND Professional & Other Places),5.989452964019722
deltad(Outdoors & Recreation AND Residence),980.4934469774944
deltad(Outdoors & Recreation AND Shop & Service),173.65327861467034
deltad(Outdoors & Recreation AND Travel & Transport),268.94635075841575
deltad(Professional & Other Places AND Residence),680.9180517641487
deltad(Professional & Other Places AND Shop & Service),550.1479744296516
deltad(Professional & Other Places AND Travel & Transport),788.7171365223028
deltad(Residence AND Shop & Service),343.9407476751088
deltad(Residence AND Travel & Transport),41.829721637140956
deltad(Shop & Service AND Travel & Transport),7.404533998969132
deltad(Arts & Entertainment AND College & University AND Event),11.492563010826823
deltad(Arts & Entertainment AND College & University AND Food),29.104644831078463
deltad(Arts & Entertainment AND College & University AND Nightlife Spot),23.58093081377014
deltad(Arts & Entertainment AND College & University AND Outdoors & Recreation),33.664082214104134
deltad(Arts & Entertainment AND College & University AND Professional & Other Places),14.644910093747848
deltad(Arts & Entertainment AND College & University AND Residence),1213.429853659693
deltad(Arts & Entertainment AND College & University AND Shop & Service),1880.0392943413715
deltad(Arts & Entertainment AND College & University AND Travel & Transport),4765.4031371585
deltad(Arts & Entertainment AND Event AND Food),3853.074263443602
deltad(Arts & Entertainment AND Event AND Nightlife Spot),5510.846448662257
deltad(Arts & Entertainment AND Event AND Outdoors & Recreation),2401.095649765989
deltad(Arts & Entertainment AND Event AND Professional & Other Places),332.9001396331415
deltad(Arts & Entertainment AND Event AND Residence),845.07747122343
deltad(Arts & Entertainment AND Event AND Shop & Service),683.0732775500271
deltad(Arts & Entertainment AND Event AND Travel & Transport),977.3589008303982
deltad(Arts & Entertainment AND Food AND Nightlife Spot),426.0127490847926
deltad(Arts & Entertainment AND Food AND Outdoors & Recreation),1308.0610220262315
deltad(Arts & Entertainment AND Food AND Professional & Other Places),1057.2717506484641
deltad(Arts & Entertainment AND Food AND Residence),1512.0805352598175
deltad(Arts & Entertainment AND Food AND Shop & Service),659.9076180445695
deltad(Arts & Entertainment AND Food AND Travel & Transport),2680.7707007167974
deltad(Arts & Entertainment AND Nightlife Spot AND Outdoors & Recreation),3835.545244380126
deltad(Arts & Entertainment AND Nightlife Spot AND Professional & Other Places),1669.7831209980925
deltad(Arts & Entertainment AND Nightlife Spot AND Residence),3096.5828380671596
deltad(Arts & Entertainment AND Nightlife Spot AND Shop & Service),1351.0183521485008
deltad(Arts & Entertainment AND Nightlife Spot AND Travel & Transport),1930.6843509349656
deltad(Arts & Entertainment AND Outdoors & Recreation AND Professional & Other Places),38.54295514713083
deltad(Arts & Entertainment AND Outdoors & Recreation AND Residence),6.832470376808312
deltad(Arts & Entertainment AND Outdoors & Recreation AND Shop & Service),10.592780627663847
deltad(Arts & Entertainment AND Outdoors & Recreation AND Travel & Transport),26.80174919817094
deltad(Arts & Entertainment AND Professional & Other Places AND Residence),21.70079965124826
deltad(Arts & Entertainment AND Professional & Other Places AND Shop & Service),31.014044510786935
deltad(Arts & Entertainment AND Professional & Other Places AND Travel & Transport),13.496758062899266
deltad(Arts & Entertainment AND Residence AND Shop & Service),1116.9034644119097
deltad(Arts & Entertainment AND Residence AND Travel & Transport),1728.0123077165724
deltad(Arts & Entertainment AND Shop & Service AND Travel & Transport),4376.849277410246
deltad(College & University AND Event AND Food),3535.683074154295
deltad(College & University AND Event AND Nightlife Spot),5068.322850830468
deltad(College & University AND Event AND Outdoors & Recreation),2211.0760215910113
deltad(College & University AND Event AND Professional & Other Places),306.3322678087285
deltad(College & University AND Event AND Residence),776.6800173438413
deltad(College & University AND Event AND Shop & Service),627.3082497511296
deltad(College & University AND Event AND Travel & Transport),899.5987007983995
deltad(College & University AND Food AND Nightlife Spot),392.5012885506566
deltad(College & University AND Food AND Outdoors & Recreation),1200.8533950210788
deltad(College & University AND Food AND Professional & Other Places),969.6457183334119
deltad(College & University AND Food AND Residence),1390.4082430926048
deltad(College & University AND Food AND Shop & Service),607.3137381297696
deltad(College & University AND Food AND Travel & Transport),2457.4918250163255
deltad(College & University AND Nightlife Spot AND Outdoors & Recreation),3524.2190092256606
deltad(College & University AND Nightlife Spot AND Professional & Other Places),1536.6047243888713
deltad(College & University AND Nightlife Spot AND Residence),2842.4569253688937
deltad(College & University AND Nightlife Spot AND Shop & Service),1241.7641483335499
deltad(College & University AND Nightlife Spot AND Travel & Transport),1779.3639952683482
deltad(College & University AND Outdoors & Recreation AND Professional & Other Places),47.547960716671156
deltad(College & University AND Outdoors & Recreation AND Residence),73.67931087357572
deltad(College & University AND Outdoors & Recreation AND Shop & Service),186.66842729665657
deltad(College & University AND Outdoors & Recreation AND Travel & Transport),151.16314987580077
deltad(College & University AND Professional & Other Places AND Residence),215.72981484083127
deltad(College & University AND Professional & Other Places AND Shop & Service),93.90260079896109
deltad(College & University AND Professional & Other Places AND Travel & Transport),13.070723429917384
deltad(College & University AND Residence AND Shop & Service),33.125010263637286
deltad(College & University AND Residence AND Travel & Transport),26.827449430390395
deltad(College & University AND Shop & Service AND Travel & Transport),38.292428032140606
deltad(Event AND Food AND Nightlife Spot),16.67031593743033
deltad(Event AND Food AND Outdoors & Recreation),51.309689333468
deltad(Event AND Food AND Professional & Other Places),41.542478654037595
deltad(Event AND Food AND Residence),59.29555107448925
deltad(Event AND Food AND Shop & Service),25.81874411928084
deltad(Event AND Food AND Travel & Transport),105.23638460685673
deltad(Event AND Nightlife Spot AND Outdoors & Recreation),150.23841204452222
deltad(Event AND Nightlife Spot AND Professional & Other Places),65.35245987117875
deltad(Event AND Nightlife Spot AND Residence),121.56347835112909
deltad(Event AND Nightlife Spot AND Shop & Service),52.94435013009782
deltad(Event AND Nightlife Spot AND Travel & Transport),75.56262327787299
deltad(Event AND Outdoors & Recreation AND Professional & Other Places),2134.8729969572532
deltad(Event AND Outdoors & Recreation AND Residence),5420.725948263817
deltad(Event AND Outdoors & Recreation AND Shop & Service),4378.4736883296955
deltad(Event AND Outdoors & Recreation AND Travel & Transport),6263.831819404123
deltad(Event AND Professional & Other Places AND Residence),2731.546838831928
deltad(Event AND Professional & Other Places AND Shop & Service),8365.81676321786
deltad(Event AND Professional & Other Places AND Travel & Transport),6756.945746458472
deltad(Event AND Residence AND Shop & Service),9661.271814317655
deltad(Event AND Residence AND Travel & Transport),4219.462234618065
deltad(Event AND Shop & Service AND Travel & Transport),17139.69800863704
deltad(Food AND Nightlife Spot AND Outdoors & Recreation),24513.583482551658
deltad(Food AND Nightlife Spot AND Professional & Other Places),10681.486152107644
deltad(Food AND Nightlife Spot AND Residence),19779.74607256118
deltad(Food AND Nightlife Spot AND Shop & Service),8637.266274950702
deltad(Food AND Nightlife Spot AND Travel & Transport),12338.645982215052
deltad(Food AND Outdoors & Recreation AND Professional & Other Places),1488.44536931769
deltad(Food AND Outdoors & Recreation AND Residence),1201.6592441052244
deltad(Food AND Outdoors & Recreation AND Shop & Service),1719.364576659042
deltad(Food AND Outdoors & Recreation AND Travel & Transport),750.9530817094528
deltad(Food AND Professional & Other Places AND Residence),3052.973399849859
deltad(Food AND Professional & Other Places AND Shop & Service),4370.250754052577
deltad(Food AND Professional & Other Places AND Travel & Transport),1903.6525816244455
deltad(Food AND Residence AND Shop & Service),3523.67083061727
deltad(Food AND Residence AND Travel & Transport),1538.5796059721474
deltad(Food AND Shop & Service AND Travel & Transport),2199.659521231555
deltad(Nightlife Spot AND Outdoors & Recreation AND Professional & Other Places),4704.735093112992
deltad(Nightlife Spot AND Outdoors & Recreation AND Residence),6730.360715143657
deltad(Nightlife Spot AND Outdoors & Recreation AND Shop & Service),2936.865951756455
deltad(Nightlife Spot AND Outdoors & Recreation AND Travel & Transport),5427.605205975729
deltad(Nightlife Spot AND Professional & Other Places AND Residence),2373.981763679459
deltad(Nightlife Spot AND Professional & Other Places AND Shop & Service),3391.725689374758
deltad(Nightlife Spot AND Professional & Other Places AND Travel & Transport),13779.639328432015
deltad(Nightlife Spot AND Residence AND Shop & Service),6011.95357875624
deltad(Nightlife Spot AND Residence AND Travel & Transport),8590.984714663267
deltad(Nightlife Spot AND Shop & Service AND Travel & Transport),6937.883882258745
