deltad(Arts & Entertainment),6.22985461848198
deltad(College & University),4.435277603343192
deltad(Event),0.3702346270611372
deltad(Food),27.272588785545963
deltad(Nightlife Spot),5.805208854466119
deltad(Outdoors & Recreation),9.162920436037572
deltad(Professional & Other Places),33.561886664940246
deltad(Residence),31.601282974021483
deltad(Shop & Service),29.54577773936438
deltad(Travel & Transport),10.954120626799984
deltad(Arts & Entertainment AND College & University),13.758903703261584
deltad(Arts & Entertainment AND Event),-1.648288667675117
deltad(Arts & Entertainment AND Food),92.74586555603292
deltad(Arts & Entertainment AND Nightlife Spot),18.367056092864644
deltad(Arts & Entertainment AND Outdoors & Recreation),29.183229310622625
deltad(Arts & Entertainment AND Professional & Other Places),115.82654213879053
deltad(Arts & Entertainment AND Residence),114.57179119550344
deltad(Arts & Entertainment AND Shop & Service),106.50929682623206
deltad(Arts & Entertainment AND Travel & Transport),37.49810855137151
deltad(College & University AND Event),-0.36587578322090586
deltad(College & University AND Food),59.745887360228906
deltad(College & University AND Nightlife Spot),12.27130890577269
deltad(College & University AND Outdoors & Recreation),20.776079563395246
deltad(College & University AND Professional & Other Places),72.41542935627652
deltad(College & University AND Residence),83.06500448530439
deltad(College & University AND Shop & Service),76.02222550559794
deltad(College & University AND Travel & Transport),22.853696610653756
deltad(Event AND Food),2.9725826232647705
deltad(Event AND Nightlife Spot),-0.5736409476412359
deltad(Event AND Outdoors & Recreation),1.2784194703525271
deltad(Event AND Professional & Other Places),1.756735287382745
deltad(Event AND Residence),5.268340718503585
deltad(Event AND Shop & Service),4.702915035726156
deltad(Event AND Travel & Transport),0.451892552089332
deltad(Food AND Nightlife Spot),72.12501796815417
deltad(Food AND Outdoors & Recreation),146.76911352935167
deltad(Food AND Professional & Other Places),535.2418685286143
deltad(Food AND Residence),516.2138734944313
deltad(Food AND Shop & Service),447.62384784810837
deltad(Food AND Travel & Transport),160.0750086221907
deltad(Nightlife Spot AND Outdoors & Recreation),29.15313495353566
deltad(Nightlife Spot AND Professional & Other Places),108.90724725449809
deltad(Nightlife Spot AND Residence),105.35295659793952
deltad(Nightlife Spot AND Shop & Service),94.69288980257122
deltad(Nightlife Spot AND Travel & Transport),33.25169778157033
deltad(Outdoors & Recreation AND Professional & Other Places),183.31870500344996
deltad(Outdoors & Recreation AND Residence),170.22326631073827
deltad(Outdoors & Recreation AND Shop & Service),160.32664068960713
deltad(Outdoors & Recreation AND Travel & Transport),58.21853347710017
deltad(Professional & Other Places AND Residence),641.1399228240814
deltad(Professional & Other Places AND Shop & Service),592.9324133790731
deltad(Professional & Other Places AND Travel & Transport),214.197507646925
deltad(Residence AND Shop & Service),561.2686922674197
deltad(Residence AND Travel & Transport),206.86120733304597
deltad(Shop & Service AND Travel & Transport),187.37173448965586
deltad(Arts & Entertainment AND College & University AND Event),-50.6345465346091
deltad(Arts & Entertainment AND College & University AND Food),-161.086448818819
deltad(Arts & Entertainment AND College & University AND Nightlife Spot),-28.25172745616348
deltad(Arts & Entertainment AND College & University AND Outdoors & Recreation),-28.51420873532294
deltad(Arts & Entertainment AND College & University AND Professional & Other Places),-233.89112381471864
deltad(Arts & Entertainment AND College & University AND Residence),139.58316382056364
deltad(Arts & Entertainment AND College & University AND Shop & Service),64.8095652309816
deltad(Arts & Entertainment AND College & University AND Travel & Transport),-104.04208706646466
deltad(Arts & Entertainment AND Event AND Food),-220.8055992970601
deltad(Arts & Entertainment AND Event AND Nightlife Spot),-84.79578997357211
deltad(Arts & Entertainment AND Event AND Outdoors & Recreation),-138.40758303258173
deltad(Arts & Entertainment AND Event AND Professional & Other Places),-330.4318705297678
deltad(Arts & Entertainment AND Event AND Residence),-77.62807605973745
deltad(Arts & Entertainment AND Event AND Shop & Service),-157.1779898168918
deltad(Arts & Entertainment AND Event AND Travel & Transport),-92.60179012557663
deltad(Arts & Entertainment AND Food AND Nightlife Spot),-419.97939098347786
deltad(Arts & Entertainment AND Food AND Outdoors & Recreation),40.397330319346224
deltad(Arts & Entertainment AND Food AND Professional & Other Places),447.20809875604937
deltad(Arts & Entertainment AND Food AND Residence),865.0131506417072
deltad(Arts & Entertainment AND Food AND Shop & Service),96.76602908049244
deltad(Arts & Entertainment AND Food AND Travel & Transport),-110.38269325460021
deltad(Arts & Entertainment AND Nightlife Spot AND Outdoors & Recreation),-76.11511012416653
deltad(Arts & Entertainment AND Nightlife Spot AND Professional & Other Places),-114.42616361946807
deltad(Arts & Entertainment AND Nightlife Spot AND Residence),5.697521896518367
deltad(Arts & Entertainment AND Nightlife Spot AND Shop & Service),-65.0168948953845
deltad(Arts & Entertainment AND Nightlife Spot AND Travel & Transport),-79.76685327663125
deltad(Arts & Entertainment AND Outdoors & Recreation AND Professional & Other Places),53.21667453853229
deltad(Arts & Entertainment AND Outdoors & Recreation AND Residence),242.64797139768177
deltad(Arts & Entertainment AND Outdoors & Recreation AND Shop & Service),164.73882652331235
deltad(Arts & Entertainment AND Outdoors & Recreation AND Travel & Transport),-145.3732670367873
deltad(Arts & Entertainment AND Professional & Other Places AND Residence),1117.4044162108278
deltad(Arts & Entertainment AND Professional & Other Places AND Shop & Service),914.2457459926768
deltad(Arts & Entertainment AND Professional & Other Places AND Travel & Transport),62.87903873596804
deltad(Arts & Entertainment AND Residence AND Shop & Service),1085.5353538199356
deltad(Arts & Entertainment AND Residence AND Travel & Transport),290.35544807339204
deltad(Arts & Entertainment AND Shop & Service AND Travel & Transport),165.6229826720255
deltad(College & University AND Event AND Food),-96.08956801748724
deltad(College & University AND Event AND Nightlife Spot),-26.368274446225442
deltad(College & University AND Event AND Outdoors & Recreation),-22.55047900543447
deltad(College & University AND Event AND Professional & Other Places),-166.6944484212225
deltad(College & University AND Event AND Residence),-63.36991670459298
deltad(College & University AND Event AND Shop & Service),-48.89283513203726
deltad(College & University AND Event AND Travel & Transport),-84.36176682817675
deltad(College & University AND Food AND Nightlife Spot),-295.9588668601703
deltad(College & University AND Food AND Outdoors & Recreation),-26.098199683661846
deltad(College & University AND Food AND Professional & Other Places),-250.6470507716076
deltad(College & University AND Food AND Residence),538.0252252393666
deltad(College & University AND Food AND Shop & Service),-98.60832011123148
deltad(College & University AND Food AND Travel & Transport),-283.9307344553006
deltad(College & University AND Nightlife Spot AND Outdoors & Recreation),-43.28584751786239
deltad(College & University AND Nightlife Spot AND Professional & Other Places),-128.8963123131819
deltad(College & University AND Nightlife Spot AND Residence),2.5367303152971203
deltad(College & University AND Nightlife Spot AND Shop & Service),-21.84313978493327
deltad(College & University AND Nightlife Spot AND Travel & Transport),-101.56102453637638
deltad(College & University AND Outdoors & Recreation AND Professional & Other Places),-52.435715625761304
deltad(College & University AND Outdoors & Recreation AND Residence),177.3666220027156
deltad(College & University AND Outdoors & Recreation AND Shop & Service),197.02987681918722
deltad(College & University AND Outdoors & Recreation AND Travel & Transport),-57.177474795427884
deltad(College & University AND Professional & Other Places AND Residence),873.1701888428131
deltad(College & University AND Professional & Other Places AND Shop & Service),562.076528507084
deltad(College & University AND Professional & Other Places AND Travel & Transport),-181.76631708184902
deltad(College & University AND Residence AND Shop & Service),787.6468319923335
deltad(College & University AND Residence AND Travel & Transport),29.833757491545157
deltad(College & University AND Shop & Service AND Travel & Transport),78.12119515691404
deltad(Event AND Food AND Nightlife Spot),-162.94826965850115
deltad(Event AND Food AND Outdoors & Recreation),-77.39583044237176
deltad(Event AND Food AND Professional & Other Places),-369.5558415202536
deltad(Event AND Food AND Residence),-125.87561908741426
deltad(Event AND Food AND Shop & Service),-211.35105874458813
deltad(Event AND Food AND Travel & Transport),-157.27534156304344
deltad(Event AND Nightlife Spot AND Outdoors & Recreation),-21.32040207845086
deltad(Event AND Nightlife Spot AND Professional & Other Places),-432.91838182677094
deltad(Event AND Nightlife Spot AND Residence),-54.76087045412373
deltad(Event AND Nightlife Spot AND Shop & Service),-60.459402777539594
deltad(Event AND Nightlife Spot AND Travel & Transport),-37.793089544424504
deltad(Event AND Outdoors & Recreation AND Professional & Other Places),-65.46665337706523
deltad(Event AND Outdoors & Recreation AND Residence),-19.86273957791274
deltad(Event AND Outdoors & Recreation AND Shop & Service),-66.40185185727194
deltad(Event AND Outdoors & Recreation AND Travel & Transport),-48.25149351497933
deltad(Event AND Professional & Other Places AND Residence),-236.80312680019762
deltad(Event AND Professional & Other Places AND Shop & Service),-237.90533259480083
deltad(Event AND Professional & Other Places AND Travel & Transport),-169.25050581163993
deltad(Event AND Residence AND Shop & Service),-95.26087735546645
deltad(Event AND Residence AND Travel & Transport),-82.9706459168994
deltad(Event AND Shop & Service AND Travel & Transport),-98.8131479742357
deltad(Food AND Nightlife Spot AND Outdoors & Recreation),-225.5500281559938
deltad(Food AND Nightlife Spot AND Professional & Other Places),-208.58671114239542
deltad(Food AND Nightlife Spot AND Residence),345.9118893204509
deltad(Food AND Nightlife Spot AND Shop & Service),-820.6340381396512
deltad(Food AND Nightlife Spot AND Travel & Transport),-671.9313434671948
deltad(Food AND Outdoors & Recreation AND Professional & Other Places),1654.6179120053184
deltad(Food AND Outdoors & Recreation AND Residence),1794.0238131156752
deltad(Food AND Outdoors & Recreation AND Shop & Service),995.9350076878213
deltad(Food AND Outdoors & Recreation AND Travel & Transport),195.45592745127055
deltad(Food AND Professional & Other Places AND Residence),7274.0112846223665
deltad(Food AND Professional & Other Places AND Shop & Service),4288.02404252988
deltad(Food AND Professional & Other Places AND Travel & Transport),861.8019854858544
deltad(Food AND Residence AND Shop & Service),5110.2482593221275
deltad(Food AND Residence AND Travel & Transport),1612.053878987962
deltad(Food AND Shop & Service AND Travel & Transport),154.8822306492916
deltad(Nightlife Spot AND Outdoors & Recreation AND Professional & Other Places),211.6143908835802
deltad(Nightlife Spot AND Outdoors & Recreation AND Residence),181.30306749756403
deltad(Nightlife Spot AND Outdoors & Recreation AND Shop & Service),9.213781237172498
deltad(Nightlife Spot AND Outdoors & Recreation AND Travel & Transport),-17.801078979089198
deltad(Nightlife Spot AND Professional & Other Places AND Residence),1042.0137023841385
deltad(Nightlife Spot AND Professional & Other Places AND Shop & Service),733.1522956899214
deltad(Nightlife Spot AND Professional & Other Places AND Travel & Transport),103.89648088469687
deltad(Nightlife Spot AND Residence AND Shop & Service),722.5868276547319
deltad(Nightlife Spot AND Residence AND Travel & Transport),185.88525786379148
deltad(Nightlife Spot AND Shop & Service AND Travel & Transport),-58.17452016663606
deltad(Outdoors & Recreation AND Professional & Other Places AND Residence),2303.52747512782
deltad(Outdoors & Recreation AND Professional & Other Places AND Shop & Service),2018.5688742506713
deltad(Outdoors & Recreation AND Professional & Other Places AND Travel & Transport),557.697266528102
deltad(Outdoors & Recreation AND Residence AND Shop & Service),1818.3573468199916
deltad(Outdoors & Recreation AND Residence AND Travel & Transport),668.3922001344741
deltad(Outdoors & Recreation AND Shop & Service AND Travel & Transport),442.7207345553761
deltad(Professional & Other Places AND Residence AND Shop & Service),8263.797978023384
deltad(Professional & Other Places AND Residence AND Travel & Transport),2682.3391463131866
deltad(Professional & Other Places AND Shop & Service AND Travel & Transport),1999.1081087816592
deltad(Residence AND Shop & Service AND Travel & Transport),2093.412346203193
