deltad(Arts & Entertainment),3.8770698049654793
deltad(College & University),2.6712984767707133
deltad(Event),0.21578883963367165
deltad(Food),17.06721248148386
deltad(Nightlife Spot),3.6067118636827824
deltad(Outdoors & Recreation),5.735154397143198
deltad(Professional & Other Places),21.063121058499934
deltad(Residence),19.834885673433448
deltad(Shop & Service),18.522508423686652
deltad(Travel & Transport),6.8127372153207295
deltad(Arts & Entertainment AND College & University),6.487898082633024
deltad(Arts & Entertainment AND Event),-2.2849040173417077
deltad(Arts & Entertainment AND Food),50.67997750233084
deltad(Arts & Entertainment AND Nightlife Spot),9.30499649356484
deltad(Arts & Entertainment AND Outdoors & Recreation),15.054203768564076
deltad(Arts & Entertainment AND Professional & Other Places),64.30745463579427
deltad(Arts & Entertainment AND Residence),66.07147754759754
deltad(Arts & Entertainment AND Shop & Service),61.07210772086435
deltad(Arts & Entertainment AND Travel & Transport),20.42759926447701
deltad(College & University AND Event),-0.843172381709695
deltad(College & University AND Food),28.20736839275909
deltad(College & University AND Nightlife Spot),5.4771117122653
deltad(College & University AND Outdoors & Recreation),10.182970498843773
deltad(College & University AND Professional & Other Places),33.78945963169376
deltad(College & University AND Residence),46.70233314552512
deltad(College & University AND Shop & Service),41.95610407726317
deltad(College & University AND Travel & Transport),10.055236722161977
deltad(Event AND Food),0.21121695694219333
deltad(Event AND Nightlife Spot),-1.1685091746409781
deltad(Event AND Outdoors & Recreation),0.3509362330884658
deltad(Event AND Professional & Other Places),-1.6251745206171897
deltad(Event AND Residence),2.0845947640088207
deltad(Event AND Shop & Service),1.7202442833675473
deltad(Event AND Travel & Transport),-0.668680920442474
deltad(Food AND Nightlife Spot),32.817671299901754
deltad(Food AND Outdoors & Recreation),85.4834312867409
deltad(Food AND Professional & Other Places),311.77405634728905
deltad(Food AND Residence),305.8402138216881
deltad(Food AND Shop & Service),250.53671503631017
deltad(Food AND Travel & Transport),86.03042538027178
deltad(Nightlife Spot AND Outdoors & Recreation),15.950644033641442
deltad(Nightlife Spot AND Professional & Other Places),60.766610595953026
deltad(Nightlife Spot AND Residence),60.033132619816385
deltad(Nightlife Spot AND Shop & Service),52.235320821367964
deltad(Nightlife Spot AND Travel & Transport),17.30061586248715
deltad(Outdoors & Recreation AND Professional & Other Places),108.26068121688172
deltad(Outdoors & Recreation AND Residence),99.56328625521364
deltad(Outdoors & Recreation AND Shop & Service),94.12931876562807
deltad(Outdoors & Recreation AND Travel & Transport),33.3485531609689
deltad(Professional & Other Places AND Residence),383.4903287594253
deltad(Professional & Other Places AND Shop & Service),351.555142843783
deltad(Professional & Other Places AND Travel & Transport),123.51335619638672
deltad(Residence AND Shop & Service),334.0349834453029
deltad(Residence AND Travel & Transport),121.49071648362018
deltad(Shop & Service AND Travel & Transport),107.39297053972611
deltad(Arts & Entertainment AND College & University AND Event),-52.60193163460296
deltad(Arts & Entertainment AND College & University AND Food),-291.08614395373263
deltad(Arts & Entertainment AND College & University AND Nightlife Spot),-56.25696019247116
deltad(Arts & Entertainment AND College & University AND Outdoors & Recreation),-72.17830565575801
deltad(Arts & Entertainment AND College & University AND Professional & Other Places),-393.10482353427153
deltad(Arts & Entertainment AND College & University AND Residence),-10.301369227362215
deltad(Arts & Entertainment AND College & University AND Shop & Service),-75.60874054552946
deltad(Arts & Entertainment AND College & University AND Travel & Transport),-156.7964946344441
deltad(Arts & Entertainment AND Event AND Food),-232.18776645425024
deltad(Arts & Entertainment AND Event AND Nightlife Spot),-87.24779757212731
deltad(Arts & Entertainment AND Event AND Outdoors & Recreation),-142.2306077666041
deltad(Arts & Entertainment AND Event AND Professional & Other Places),-344.37187971241957
deltad(Arts & Entertainment AND Event AND Residence),-90.75126690767276
deltad(Arts & Entertainment AND Event AND Shop & Service),-169.4723619430649
deltad(Arts & Entertainment AND Event AND Travel & Transport),-97.22072007455937
deltad(Arts & Entertainment AND Food AND Nightlife Spot),-582.00168152622
deltad(Arts & Entertainment AND Food AND Outdoors & Recreation),-212.21820993136186
deltad(Arts & Entertainment AND Food AND Professional & Other Places),-473.9114847603048
deltad(Arts & Entertainment AND Food AND Residence),-2.133199828367651
deltad(Arts & Entertainment AND Food AND Shop & Service),-715.6141339504627
deltad(Arts & Entertainment AND Food AND Travel & Transport),-415.5895819410863
deltad(Arts & Entertainment AND Nightlife Spot AND Outdoors & Recreation),-130.5349069566684
deltad(Arts & Entertainment AND Nightlife Spot AND Professional & Other Places),-312.85869292328715
deltad(Arts & Entertainment AND Nightlife Spot AND Residence),-181.10780357868134
deltad(Arts & Entertainment AND Nightlife Spot AND Shop & Service),-240.024194046591
deltad(Arts & Entertainment AND Nightlife Spot AND Travel & Transport),-145.51616093092167
deltad(Arts & Entertainment AND Outdoors & Recreation AND Professional & Other Places),-256.1675492339059
deltad(Arts & Entertainment AND Outdoors & Recreation AND Residence),-48.60780617804659
deltad(Arts & Entertainment AND Outdoors & Recreation AND Shop & Service),-108.12216855832833
deltad(Arts & Entertainment AND Outdoors & Recreation AND Travel & Transport),-247.885685658699
deltad(Arts & Entertainment AND Professional & Other Places AND Residence),55.38978215058319
deltad(Arts & Entertainment AND Professional & Other Places AND Shop & Service),-80.69544368242805
deltad(Arts & Entertainment AND Professional & Other Places AND Travel & Transport),-310.91505268277933
deltad(Arts & Entertainment AND Residence AND Shop & Service),148.89299272111361
deltad(Arts & Entertainment AND Residence AND Travel & Transport),-61.5360847975835
deltad(Arts & Entertainment AND Shop & Service AND Travel & Transport),-164.04420751792054
deltad(College & University AND Event AND Food),-104.62324486081636
deltad(College & University AND Event AND Nightlife Spot),-28.20664495813972
deltad(College & University AND Event AND Outdoors & Recreation),-25.416757210072532
deltad(College & University AND Event AND Professional & Other Places),-177.1458441804777
deltad(College & University AND Event AND Residence),-73.20891030774621
deltad(College & University AND Event AND Shop & Service),-58.1104293974772
deltad(College & University AND Event AND Travel & Transport),-87.82476776659593
deltad(College & University AND Food AND Nightlife Spot),-417.43361326066776
deltad(College & University AND Food AND Outdoors & Recreation),-215.49441538945229
deltad(College & University AND Food AND Professional & Other Places),-941.2481244717922
deltad(College & University AND Food AND Residence),-112.10990531960488
deltad(College & University AND Food AND Shop & Service),-707.6829971473946
deltad(College & University AND Food AND Travel & Transport),-512.7568378184995
deltad(College & University AND Nightlife Spot AND Outdoors & Recreation),-84.08659781740744
deltad(College & University AND Nightlife Spot AND Professional & Other Places),-277.6693057947908
deltad(College & University AND Nightlife Spot AND Residence),-137.51887229560415
deltad(College & University AND Nightlife Spot AND Shop & Service),-153.05327890477622
deltad(College & University AND Nightlife Spot AND Travel & Transport),-150.85597306820353
deltad(College & University AND Outdoors & Recreation AND Professional & Other Places),-284.39373817425326
deltad(College & University AND Outdoors & Recreation AND Residence),-40.999762031078035
deltad(College & University AND Outdoors & Recreation AND Shop & Service),-7.545185470687841
deltad(College & University AND Outdoors & Recreation AND Travel & Transport),-134.0352331525306
deltad(College & University AND Professional & Other Places AND Residence),76.93432577770864
deltad(College & University AND Professional & Other Places AND Shop & Service),-183.87162649266998
deltad(College & University AND Professional & Other Places AND Travel & Transport),-462.0150551350757
deltad(College & University AND Residence AND Shop & Service),85.40769624559243
deltad(College & University AND Residence AND Travel & Transport),-233.99373545892348
deltad(College & University AND Shop & Service AND Travel & Transport),-169.04379794830265
deltad(Event AND Food AND Nightlife Spot),-173.5840320537347
deltad(Event AND Food AND Outdoors & Recreation),-93.97847999293663
deltad(Event AND Food AND Professional & Other Places),-430.0216514718294
deltad(Event AND Food AND Residence),-182.7984197378633
deltad(Event AND Food AND Shop & Service),-264.67879753691807
deltad(Event AND Food AND Travel & Transport),-177.31028822738298
deltad(Event AND Nightlife Spot AND Outdoors & Recreation),-24.892725533257746
deltad(Event AND Nightlife Spot AND Professional & Other Places),-445.9442514530486
deltad(Event AND Nightlife Spot AND Residence),-67.02348598229
deltad(Event AND Nightlife Spot AND Shop & Service),-71.94755076612
deltad(Event AND Nightlife Spot AND Travel & Transport),-42.10912539060128
deltad(Event AND Outdoors & Recreation AND Professional & Other Places),-85.77581628208765
deltad(Event AND Outdoors & Recreation AND Residence),-38.98188198824207
deltad(Event AND Outdoors & Recreation AND Shop & Service),-84.3134904404195
deltad(Event AND Outdoors & Recreation AND Travel & Transport),-54.98080047250407
deltad(Event AND Professional & Other Places AND Residence),-306.5178263658473
deltad(Event AND Professional & Other Places AND Shop & Service),-303.2170749184526
deltad(Event AND Professional & Other Places AND Travel & Transport),-193.78777860141838
deltad(Event AND Residence AND Shop & Service),-156.74566175511444
deltad(Event AND Residence AND Travel & Transport),-106.07015105272448
deltad(Event AND Shop & Service AND Travel & Transport),-120.4537623157517
deltad(Food AND Nightlife Spot AND Outdoors & Recreation),-461.59987932628377
deltad(Food AND Nightlife Spot AND Professional & Other Places),-1069.3023281756405
deltad(Food AND Nightlife Spot AND Residence),-464.36988023409435
deltad(Food AND Nightlife Spot AND Shop & Service),-1579.7410051411211
deltad(Food AND Nightlife Spot AND Travel & Transport),-957.1237769140535
deltad(Food AND Outdoors & Recreation AND Professional & Other Places),312.64120083349417
deltad(Food AND Outdoors & Recreation AND Residence),530.6805639513059
deltad(Food AND Outdoors & Recreation AND Shop & Service),-187.61952628888002
deltad(Food AND Outdoors & Recreation AND Travel & Transport),-249.19919012088098
deltad(Food AND Professional & Other Places AND Residence),2667.445091768286
deltad(Food AND Professional & Other Places AND Shop & Service),-27.60617690772051
deltad(Food AND Professional & Other Places AND Travel & Transport),-759.5572400787642
deltad(Food AND Residence AND Shop & Service),1047.4934751087694
deltad(Food AND Residence AND Travel & Transport),85.69860394089392
deltad(Food AND Shop & Service AND Travel & Transport),-1275.073331654245
deltad(Nightlife Spot AND Outdoors & Recreation AND Professional & Other Places),-77.4814418725561
deltad(Nightlife Spot AND Outdoors & Recreation AND Residence),-90.85312242252559
deltad(Nightlife Spot AND Outdoors & Recreation AND Shop & Service),-245.753895000307
deltad(Nightlife Spot AND Outdoors & Recreation AND Travel & Transport),-113.59107327157568
deltad(Nightlife Spot AND Professional & Other Places AND Residence),49.64246480392012
deltad(Nightlife Spot AND Professional & Other Places AND Shop & Service),-196.54395147253467
deltad(Nightlife Spot AND Professional & Other Places AND Travel & Transport),-245.38543407651764
deltad(Nightlife Spot AND Residence AND Shop & Service),-152.63363470376407
deltad(Nightlife Spot AND Residence AND Travel & Transport),-142.93039567772155
deltad(Nightlife Spot AND Shop & Service AND Travel & Transport),-366.2232296911337
deltad(Outdoors & Recreation AND Professional & Other Places AND Residence),756.2811334618987
deltad(Outdoors & Recreation AND Professional & Other Places AND Shop & Service),569.0416582158887
deltad(Outdoors & Recreation AND Professional & Other Places AND Travel & Transport),13.117632749547283
deltad(Outdoors & Recreation AND Residence AND Shop & Service),453.76554160266915
deltad(Outdoors & Recreation AND Residence AND Travel & Transport),155.72234659746107
deltad(Outdoors & Recreation AND Shop & Service AND Travel & Transport),-37.57053227828089
deltad(Professional & Other Places AND Residence AND Shop & Service),3288.0461535546738
deltad(Professional & Other Places AND Residence AND Travel & Transport),812.9757591568023
deltad(Professional & Other Places AND Shop & Service AND Travel & Transport),247.80772863364928
deltad(Residence AND Shop & Service AND Travel & Transport),444.7298511194922
