deltad(Arts & Entertainment),6.211836640929375
deltad(College & University),4.426047709820982
deltad(Event),0.35422436580551747
deltad(Food),27.18499885277874
deltad(Nightlife Spot),5.811568926989295
deltad(Outdoors & Recreation),9.176519407472036
deltad(Professional & Other Places),33.50756990515328
deltad(Residence),31.60424896133975
deltad(Shop & Service),29.46162000598001
deltad(Travel & Transport),10.95184827819559
deltad(Arts & Entertainment AND College & University),13.753442477395485
deltad(Arts & Entertainment AND Event),-1.936718740557221
deltad(Arts & Entertainment AND Food),92.02972377348519
deltad(Arts & Entertainment AND Nightlife Spot),18.300328627236468
deltad(Arts & Entertainment AND Outdoors & Recreation),28.996662563024707
deltad(Arts & Entertainment AND Professional & Other Places),114.92565687232458
deltad(Arts & Entertainment AND Residence),114.24133813629143
deltad(Arts & Entertainment AND Shop & Service),106.02691497106
deltad(Arts & Entertainment AND Travel & Transport),37.356385228768744
deltad(College & University AND Event),-0.3903263046885488
deltad(College & University AND Food),59.67345312496012
deltad(College & University AND Nightlife Spot),11.843554049608205
deltad(College & University AND Outdoors & Recreation),20.731954267613013
deltad(College & University AND Professional & Other Places),71.53233189001051
deltad(College & University AND Residence),82.92001095895176
deltad(College & University AND Shop & Service),75.65785812698287
deltad(College & University AND Travel & Transport),22.526544215193155
deltad(Event AND Food),2.4776862388626837
deltad(Event AND Nightlife Spot),-0.8040458467903553
deltad(Event AND Outdoors & Recreation),1.1889108199217648
deltad(Event AND Professional & Other Places),1.3593035366921002
deltad(Event AND Residence),5.26083779626266
deltad(Event AND Shop & Service),4.302404256699855
deltad(Event AND Travel & Transport),0.3541231523774502
deltad(Food AND Nightlife Spot),72.66238526551234
deltad(Food AND Outdoors & Recreation),146.50153893685783
deltad(Food AND Professional & Other Places),532.301269299642
deltad(Food AND Residence),513.926914427467
deltad(Food AND Shop & Service),445.10821476367477
deltad(Food AND Travel & Transport),159.3462643374614
deltad(Nightlife Spot AND Outdoors & Recreation),29.122216026547715
deltad(Nightlife Spot AND Professional & Other Places),108.62311334101155
deltad(Nightlife Spot AND Residence),105.34055094252449
deltad(Nightlife Spot AND Shop & Service),94.52018649453935
deltad(Nightlife Spot AND Travel & Transport),33.16409486646877
deltad(Outdoors & Recreation AND Professional & Other Places),183.32218783755377
deltad(Outdoors & Recreation AND Residence),170.36935706163527
deltad(Outdoors & Recreation AND Shop & Service),160.26156795660296
deltad(Outdoors & Recreation AND Travel & Transport),58.358207825633556
deltad(Professional & Other Places AND Residence),640.0657844688653
deltad(Professional & Other Places AND Shop & Service),590.5855558867103
deltad(Professional & Other Places AND Travel & Transport),213.91051008291961
deltad(Residence AND Shop & Service),559.2516312070003
deltad(Residence AND Travel & Transport),206.72310192098806
deltad(Shop & Service AND Travel & Transport),186.18716428351578
deltad(Arts & Entertainment AND College & University AND Event),-49.75331991703733
deltad(Arts & Entertainment AND College & University AND Food),-155.01240399434738
deltad(Arts & Entertainment AND College & University AND Nightlife Spot),-24.163667738658603
deltad(Arts & Entertainment AND College & University AND Outdoors & Recreation),-40.91863494371238
deltad(Arts & Entertainment AND College & University AND Professional & Other Places),-271.7754097856943
deltad(Arts & Entertainment AND College & University AND Residence),144.32187491756906
deltad(Arts & Entertainment AND College & University AND Shop & Service),62.2837842419043
deltad(Arts & Entertainment AND College & University AND Travel & Transport),-101.48704895963192
deltad(Arts & Entertainment AND Event AND Food),-236.3414382284508
deltad(Arts & Entertainment AND Event AND Nightlife Spot),-92.53065965904872
deltad(Arts & Entertainment AND Event AND Outdoors & Recreation),-152.20164607885948
deltad(Arts & Entertainment AND Event AND Professional & Other Places),-373.9610147391241
deltad(Arts & Entertainment AND Event AND Residence),-76.41849579655161
deltad(Arts & Entertainment AND Event AND Shop & Service),-126.82985465765435
deltad(Arts & Entertainment AND Event AND Travel & Transport),-92.88948497055422
deltad(Arts & Entertainment AND Food AND Nightlife Spot),-406.8272572977946
deltad(Arts & Entertainment AND Food AND Outdoors & Recreation),20.108273284355732
deltad(Arts & Entertainment AND Food AND Professional & Other Places),431.3495396266949
deltad(Arts & Entertainment AND Food AND Residence),849.5085574492875
deltad(Arts & Entertainment AND Food AND Shop & Service),91.84590277602547
deltad(Arts & Entertainment AND Food AND Travel & Transport),-120.62220934876439
deltad(Arts & Entertainment AND Nightlife Spot AND Outdoors & Recreation),-78.96443145611013
deltad(Arts & Entertainment AND Nightlife Spot AND Professional & Other Places),-129.2239536873526
deltad(Arts & Entertainment AND Nightlife Spot AND Residence),7.8308711620161375
deltad(Arts & Entertainment AND Nightlife Spot AND Shop & Service),-60.0694270789657
deltad(Arts & Entertainment AND Nightlife Spot AND Travel & Transport),-76.97149840548533
deltad(Arts & Entertainment AND Outdoors & Recreation AND Professional & Other Places),43.90631341580195
deltad(Arts & Entertainment AND Outdoors & Recreation AND Residence),228.64800511060412
deltad(Arts & Entertainment AND Outdoors & Recreation AND Shop & Service),163.2474895713093
deltad(Arts & Entertainment AND Outdoors & Recreation AND Travel & Transport),-148.30939033351802
deltad(Arts & Entertainment AND Professional & Other Places AND Residence),1115.8869985095191
deltad(Arts & Entertainment AND Professional & Other Places AND Shop & Service),916.0360590717316
deltad(Arts & Entertainment AND Professional & Other Places AND Travel & Transport),66.05301426250924
deltad(Arts & Entertainment AND Residence AND Shop & Service),1062.850684533495
deltad(Arts & Entertainment AND Residence AND Travel & Transport),290.93724414294434
deltad(Arts & Entertainment AND Shop & Service AND Travel & Transport),163.8026892109243
deltad(College & University AND Event AND Food),-93.93021250415454
deltad(College & University AND Event AND Nightlife Spot),-25.572713680002472
deltad(College & University AND Event AND Outdoors & Recreation),-26.2191995250161
deltad(College & University AND Event AND Professional & Other Places),-170.17941101107183
deltad(College & University AND Event AND Residence),-55.567420184529816
deltad(College & University AND Event AND Shop & Service),-45.161992367763204
deltad(College & University AND Event AND Travel & Transport),-81.42749092115048
deltad(College & University AND Food AND Nightlife Spot),-371.4148705835553
deltad(College & University AND Food AND Outdoors & Recreation),-48.15676945755854
deltad(College & University AND Food AND Professional & Other Places),-260.9227614771712
deltad(College & University AND Food AND Residence),517.7721224403749
deltad(College & University AND Food AND Shop & Service),-88.48205926665082
deltad(College & University AND Food AND Travel & Transport),-311.05991269375136
deltad(College & University AND Nightlife Spot AND Outdoors & Recreation),-51.303087933131934
deltad(College & University AND Nightlife Spot AND Professional & Other Places),-141.01679033794494
deltad(College & University AND Nightlife Spot AND Residence),-3.1928957581948225
deltad(College & University AND Nightlife Spot AND Shop & Service),-27.72259088313308
deltad(College & University AND Nightlife Spot AND Travel & Transport),-124.99665806200639
deltad(College & University AND Outdoors & Recreation AND Professional & Other Places),-71.62106405940722
deltad(College & University AND Outdoors & Recreation AND Residence),168.8007465067122
deltad(College & University AND Outdoors & Recreation AND Shop & Service),195.03723079370388
deltad(College & University AND Outdoors & Recreation AND Travel & Transport),-63.506020039552794
deltad(College & University AND Professional & Other Places AND Residence),899.3429290975482
deltad(College & University AND Professional & Other Places AND Shop & Service),488.48926577948487
deltad(College & University AND Professional & Other Places AND Travel & Transport),-223.47912544932854
deltad(College & University AND Residence AND Shop & Service),785.2565646448973
deltad(College & University AND Residence AND Travel & Transport),50.06914757409038
deltad(College & University AND Shop & Service AND Travel & Transport),54.00522317579805
deltad(Event AND Food AND Nightlife Spot),-167.9482555393503
deltad(Event AND Food AND Outdoors & Recreation),-74.98598116604865
deltad(Event AND Food AND Professional & Other Places),-393.5662797483418
deltad(Event AND Food AND Residence),-127.66458908287007
deltad(Event AND Food AND Shop & Service),-257.9163870376244
deltad(Event AND Food AND Travel & Transport),-153.49895969555666
deltad(Event AND Nightlife Spot AND Outdoors & Recreation),-21.16585397423943
deltad(Event AND Nightlife Spot AND Professional & Other Places),-448.1395265956492
deltad(Event AND Nightlife Spot AND Residence),-52.5978393193781
deltad(Event AND Nightlife Spot AND Shop & Service),-63.95342313656668
deltad(Event AND Nightlife Spot AND Travel & Transport),-37.698274411719694
deltad(Event AND Outdoors & Recreation AND Professional & Other Places),-66.778609255514
deltad(Event AND Outdoors & Recreation AND Residence),-21.086932994536504
deltad(Event AND Outdoors & Recreation AND Shop & Service),-65.20121348660015
deltad(Event AND Outdoors & Recreation AND Travel & Transport),-45.22610736070121
deltad(Event AND Professional & Other Places AND Residence),-199.95911203478238
deltad(Event AND Professional & Other Places AND Shop & Service),-249.07941260697513
deltad(Event AND Professional & Other Places AND Travel & Transport),-166.61314871140155
deltad(Event AND Residence AND Shop & Service),-98.3578242974757
deltad(Event AND Residence AND Travel & Transport),-76.59344407028685
deltad(Event AND Shop & Service AND Travel & Transport),-90.29677145336514
deltad(Food AND Nightlife Spot AND Outdoors & Recreation),-294.65127229750556
deltad(Food AND Nightlife Spot AND Professional & Other Places),-202.36669063794807
deltad(Food AND Nightlife Spot AND Residence),322.2396164114589
deltad(Food AND Nightlife Spot AND Shop & Service),-782.0154881710068
deltad(Food AND Nightlife Spot AND Travel & Transport),-669.3705789371371
deltad(Food AND Outdoors & Recreation AND Professional & Other Places),1651.1270623448174
deltad(Food AND Outdoors & Recreation AND Residence),1774.497527292948
deltad(Food AND Outdoors & Recreation AND Shop & Service),1009.3002330335939
deltad(Food AND Outdoors & Recreation AND Travel & Transport),199.33166941303716
deltad(Food AND Professional & Other Places AND Residence),7153.928566418407
deltad(Food AND Professional & Other Places AND Shop & Service),4268.2237063351495
deltad(Food AND Professional & Other Places AND Travel & Transport),814.8023894035614
deltad(Food AND Residence AND Shop & Service),4993.344549926402
deltad(Food AND Residence AND Travel & Transport),1592.0329487640752
deltad(Food AND Shop & Service AND Travel & Transport),85.92380676700441
deltad(Nightlife Spot AND Outdoors & Recreation AND Professional & Other Places),212.87646612555056
deltad(Nightlife Spot AND Outdoors & Recreation AND Residence),172.9269676298303
deltad(Nightlife Spot AND Outdoors & Recreation AND Shop & Service),9.172832510064609
deltad(Nightlife Spot AND Outdoors & Recreation AND Travel & Transport),-9.713625883440102
deltad(Nightlife Spot AND Professional & Other Places AND Residence),1015.8356328118309
deltad(Nightlife Spot AND Professional & Other Places AND Shop & Service),732.8776364974183
deltad(Nightlife Spot AND Professional & Other Places AND Travel & Transport),92.34260639870729
deltad(Nightlife Spot AND Residence AND Shop & Service),696.0885775940249
deltad(Nightlife Spot AND Residence AND Travel & Transport),190.23275497187262
deltad(Nightlife Spot AND Shop & Service AND Travel & Transport),-69.76201330207857
deltad(Outdoors & Recreation AND Professional & Other Places AND Residence),2286.09936134648
deltad(Outdoors & Recreation AND Professional & Other Places AND Shop & Service),2033.2034492479152
deltad(Outdoors & Recreation AND Professional & Other Places AND Travel & Transport),562.5471293249088
deltad(Outdoors & Recreation AND Residence AND Shop & Service),1819.8985964431135
deltad(Outdoors & Recreation AND Residence AND Travel & Transport),656.9286240771141
deltad(Outdoors & Recreation AND Shop & Service AND Travel & Transport),427.9580283644142
deltad(Professional & Other Places AND Residence AND Shop & Service),8219.587463356922
deltad(Professional & Other Places AND Residence AND Travel & Transport),2671.4849209929516
deltad(Professional & Other Places AND Shop & Service AND Travel & Transport),1994.1204463446966
deltad(Residence AND Shop & Service AND Travel & Transport),2072.599911230113
