deltad(Arts & Entertainment),3.865293117295509
deltad(College & University),2.666202916081785
deltad(Event),0.20601541380603608
deltad(Food),17.012785626692825
deltad(Nightlife Spot),3.6109959357448034
deltad(Outdoors & Recreation),5.7435589878349065
deltad(Professional & Other Places),21.028513126891973
deltad(Residence),19.836751971939098
deltad(Shop & Service),18.469424554182936
deltad(Travel & Transport),6.811498449924656
deltad(Arts & Entertainment AND College & University),6.518721072411112
deltad(Arts & Entertainment AND Event),-2.5460056965749187
deltad(Arts & Entertainment AND Food),50.211758334349355
deltad(Arts & Entertainment AND Nightlife Spot),9.253773738063451
deltad(Arts & Entertainment AND Outdoors & Recreation),14.883763335336594
deltad(Arts & Entertainment AND Professional & Other Places),63.62425830076286
deltad(Arts & Entertainment AND Residence),65.86516163755715
deltad(Arts & Entertainment AND Shop & Service),60.838002854601214
deltad(Arts & Entertainment AND Travel & Transport),20.335408360081203
deltad(College & University AND Event),-0.8472752027769413
deltad(College & University AND Food),28.311099083104434
deltad(College & University AND Nightlife Spot),5.058880182433387
deltad(College & University AND Outdoors & Recreation),10.147657841714656
deltad(College & University AND Professional & Other Places),33.05765699973164
deltad(College & University AND Residence),46.639174275187074
deltad(College & University AND Shop & Service),41.76738436337047
deltad(College & University AND Travel & Transport),9.76126744746128
deltad(Event AND Food),-0.1635589671443709
deltad(Event AND Nightlife Spot),-1.3754311229746976
deltad(Event AND Outdoors & Recreation),0.29753250831440337
deltad(Event AND Professional & Other Places),-1.8809204104965342
deltad(Event AND Residence),2.2053724497191642
deltad(Event AND Shop & Service),1.4482482441127122
deltad(Event AND Travel & Transport),-0.7209309083326585
deltad(Food AND Nightlife Spot),33.44577395303603
deltad(Food AND Outdoors & Recreation),85.3224392370619
deltad(Food AND Professional & Other Places),309.910864088573
deltad(Food AND Residence),304.21728089557547
deltad(Food AND Shop & Service),249.21530040953257
deltad(Food AND Travel & Transport),85.5607136836048
deltad(Nightlife Spot AND Outdoors & Recreation),15.887232504694452
deltad(Nightlife Spot AND Professional & Other Places),60.51300118130963
deltad(Nightlife Spot AND Residence),59.973692688843315
deltad(Nightlife Spot AND Shop & Service),52.14232369095296
deltad(Nightlife Spot AND Travel & Transport),17.201935373331956
deltad(Outdoors & Recreation AND Professional & Other Places),108.26895784441615
deltad(Outdoors & Recreation AND Residence),99.59568612782171
deltad(Outdoors & Recreation AND Shop & Service),94.15082032298308
deltad(Outdoors & Recreation AND Travel & Transport),33.45675626283668
deltad(Professional & Other Places AND Residence),382.79842626192266
deltad(Professional & Other Places AND Shop & Service),350.2682575414963
deltad(Professional & Other Places AND Travel & Transport),123.39195177512744
deltad(Residence AND Shop & Service),332.6373016925691
deltad(Residence AND Travel & Transport),121.36594061474378
deltad(Shop & Service AND Travel & Transport),106.45375953874043
deltad(Arts & Entertainment AND College & University AND Event),-51.631836696326694
deltad(Arts & Entertainment AND College & University AND Food),-283.9430318000043
deltad(Arts & Entertainment AND College & University AND Nightlife Spot),-52.05545991676019
deltad(Arts & Entertainment AND College & University AND Outdoors & Recreation),-84.43067429034492
deltad(Arts & Entertainment AND College & University AND Professional & Other Places),-429.9447864084411
deltad(Arts & Entertainment AND College & University AND Residence),-4.828633513956504
deltad(Arts & Entertainment AND College & University AND Shop & Service),-77.03994296116849
deltad(Arts & Entertainment AND College & University AND Travel & Transport),-153.96509781974402
deltad(Arts & Entertainment AND Event AND Food),-247.19959645677432
deltad(Arts & Entertainment AND Event AND Nightlife Spot),-94.87962435344119
deltad(Arts & Entertainment AND Event AND Outdoors & Recreation),-155.8661020433099
deltad(Arts & Entertainment AND Event AND Professional & Other Places),-387.28157438794426
deltad(Arts & Entertainment AND Event AND Residence),-88.97951289503
deltad(Arts & Entertainment AND Event AND Shop & Service),-138.5632891462466
deltad(Arts & Entertainment AND Event AND Travel & Transport),-97.30903188298917
deltad(Arts & Entertainment AND Food AND Nightlife Spot),-568.0467343236595
deltad(Arts & Entertainment AND Food AND Outdoors & Recreation),-231.39898673676862
deltad(Arts & Entertainment AND Food AND Professional & Other Places),-482.8973476940437
deltad(Arts & Entertainment AND Food AND Residence),-12.607681404356299
deltad(Arts & Entertainment AND Food AND Shop & Service),-713.4698077937958
deltad(Arts & Entertainment AND Food AND Travel & Transport),-423.9545853589211
deltad(Arts & Entertainment AND Nightlife Spot AND Outdoors & Recreation),-133.37344463773348
deltad(Arts & Entertainment AND Nightlife Spot AND Professional & Other Places),-327.00460995673495
deltad(Arts & Entertainment AND Nightlife Spot AND Residence),-178.67226914470768
deltad(Arts & Entertainment AND Nightlife Spot AND Shop & Service),-234.28480801103734
deltad(Arts & Entertainment AND Nightlife Spot AND Travel & Transport),-142.59193116501507
deltad(Arts & Entertainment AND Outdoors & Recreation AND Professional & Other Places),-264.63749196766116
deltad(Arts & Entertainment AND Outdoors & Recreation AND Residence),-62.302534298192086
deltad(Arts & Entertainment AND Outdoors & Recreation AND Shop & Service),-108.53377358669098
deltad(Arts & Entertainment AND Outdoors & Recreation AND Travel & Transport),-250.67925003788832
deltad(Arts & Entertainment AND Professional & Other Places AND Residence),58.260968165742725
deltad(Arts & Entertainment AND Professional & Other Places AND Shop & Service),-71.90828040153269
deltad(Arts & Entertainment AND Professional & Other Places AND Travel & Transport),-306.06875105877975
deltad(Arts & Entertainment AND Residence AND Shop & Service),131.2392457027122
deltad(Arts & Entertainment AND Residence AND Travel & Transport),-59.966019694824354
deltad(Arts & Entertainment AND Shop & Service AND Travel & Transport),-163.98131313490728
deltad(College & University AND Event AND Food),-102.07354035435347
deltad(College & University AND Event AND Nightlife Spot),-27.334374286962845
deltad(College & University AND Event AND Outdoors & Recreation),-28.967443350870163
deltad(College & University AND Event AND Professional & Other Places),-180.16947397456036
deltad(College & University AND Event AND Residence),-64.98784657857924
deltad(College & University AND Event AND Shop & Service),-53.961753970075996
deltad(College & University AND Event AND Travel & Transport),-84.74203273390586
deltad(College & University AND Food AND Nightlife Spot),-492.3251603078868
deltad(College & University AND Food AND Outdoors & Recreation),-236.78047819250367
deltad(College & University AND Food AND Professional & Other Places),-946.5834401046313
deltad(College & University AND Food AND Residence),-128.79196608549023
deltad(College & University AND Food AND Shop & Service),-692.4472729047739
deltad(College & University AND Food AND Travel & Transport),-538.5510703550176
deltad(College & University AND Nightlife Spot AND Outdoors & Recreation),-92.10839054771384
deltad(College & University AND Nightlife Spot AND Professional & Other Places),-289.3469852533081
deltad(College & University AND Nightlife Spot AND Residence),-143.06525575453603
deltad(College & University AND Nightlife Spot AND Shop & Service),-158.3794604594569
deltad(College & University AND Nightlife Spot AND Travel & Transport),-174.21022507734813
deltad(College & University AND Outdoors & Recreation AND Professional & Other Places),-303.0206541695845
deltad(College & University AND Outdoors & Recreation AND Residence),-49.40436533423639
deltad(College & University AND Outdoors & Recreation AND Shop & Service),-8.791437282217203
deltad(College & University AND Outdoors & Recreation AND Travel & Transport),-140.2806729799591
deltad(College & University AND Professional & Other Places AND Residence),106.15173341872287
deltad(College & University AND Professional & Other Places AND Shop & Service),-252.44252807605267
deltad(College & University AND Professional & Other Places AND Travel & Transport),-502.5604826634345
deltad(College & University AND Residence AND Shop & Service),86.57293747086828
deltad(College & University AND Residence AND Travel & Transport),-213.09890183616375
deltad(College & University AND Shop & Service AND Travel & Transport),-191.82399933357095
deltad(Event AND Food AND Nightlife Spot),-178.13096448604193
deltad(Event AND Food AND Outdoors & Recreation),-90.87131508487863
deltad(Event AND Food AND Professional & Other Places),-451.3106052525879
deltad(Event AND Food AND Residence),-182.11631477017494
deltad(Event AND Food AND Shop & Service),-308.78056078516147
deltad(Event AND Food AND Travel & Transport),-172.65759583555803
deltad(Event AND Nightlife Spot AND Outdoors & Recreation),-24.60235653289923
deltad(Event AND Nightlife Spot AND Professional & Other Places),-460.63145930272333
deltad(Event AND Nightlife Spot AND Residence),-64.37747804803297
deltad(Event AND Nightlife Spot AND Shop & Service),-74.95696036912881
deltad(Event AND Nightlife Spot AND Travel & Transport),-41.842896265560846
deltad(Event AND Outdoors & Recreation AND Professional & Other Places),-86.26640207982905
deltad(Event AND Outdoors & Recreation AND Residence),-39.463525670168366
deltad(Event AND Outdoors & Recreation AND Shop & Service),-82.36706435620775
deltad(Event AND Outdoors & Recreation AND Travel & Transport),-51.69184280106629
deltad(Event AND Professional & Other Places AND Residence),-266.7593413873919
deltad(Event AND Professional & Other Places AND Shop & Service),-311.47850885744754
deltad(Event AND Professional & Other Places AND Travel & Transport),-190.11655970676077
deltad(Event AND Residence AND Shop & Service),-157.19890422171196
deltad(Event AND Residence AND Travel & Transport),-98.75668309091023
deltad(Event AND Shop & Service AND Travel & Transport),-110.99978547402104
deltad(Food AND Nightlife Spot AND Outdoors & Recreation),-530.5131167210435
deltad(Food AND Nightlife Spot AND Professional & Other Places),-1059.7413727200337
deltad(Food AND Nightlife Spot AND Residence),-486.2472884453832
deltad(Food AND Nightlife Spot AND Shop & Service),-1537.2352334073737
deltad(Food AND Nightlife Spot AND Travel & Transport),-953.8336742494578
deltad(Food AND Outdoors & Recreation AND Professional & Other Places),313.59662818174934
deltad(Food AND Outdoors & Recreation AND Residence),513.2335041446697
deltad(Food AND Outdoors & Recreation AND Shop & Service),-168.86541011495046
deltad(Food AND Outdoors & Recreation AND Travel & Transport),-244.43936246825115
deltad(Food AND Professional & Other Places AND Residence),2569.1435898094023
deltad(Food AND Professional & Other Places AND Shop & Service),-14.492712691177076
deltad(Food AND Professional & Other Places AND Travel & Transport),-798.3370664773684
deltad(Food AND Residence AND Shop & Service),954.8299840546406
deltad(Food AND Residence AND Travel & Transport),70.875218026747
deltad(Food AND Shop & Service AND Travel & Transport),-1335.0124470801652
deltad(Nightlife Spot AND Outdoors & Recreation AND Professional & Other Places),-76.4738731731577
deltad(Nightlife Spot AND Outdoors & Recreation AND Residence),-99.92452323853729
deltad(Nightlife Spot AND Outdoors & Recreation AND Shop & Service),-245.70183791821984
deltad(Nightlife Spot AND Outdoors & Recreation AND Travel & Transport),-105.7154030139437
deltad(Nightlife Spot AND Professional & Other Places AND Residence),24.00093902893127
deltad(Nightlife Spot AND Professional & Other Places AND Shop & Service),-193.61002861565498
deltad(Nightlife Spot AND Professional & Other Places AND Travel & Transport),-256.63072308470544
deltad(Nightlife Spot AND Residence AND Shop & Service),-177.57046600670105
deltad(Nightlife Spot AND Residence AND Travel & Transport),-138.84200420630793
deltad(Nightlife Spot AND Shop & Service AND Travel & Transport),-377.1556820149566
deltad(Outdoors & Recreation AND Professional & Other Places AND Residence),738.8072423724966
deltad(Outdoors & Recreation AND Professional & Other Places AND Shop & Service),587.854671329635
deltad(Outdoors & Recreation AND Professional & Other Places AND Travel & Transport),18.138181113638552
deltad(Outdoors & Recreation AND Residence AND Shop & Service),456.9640658129074
deltad(Outdoors & Recreation AND Residence AND Travel & Transport),143.5620473468266
deltad(Outdoors & Recreation AND Shop & Service AND Travel & Transport),-51.58539152531648
deltad(Professional & Other Places AND Residence AND Shop & Service),3265.2229167988626
deltad(Professional & Other Places AND Residence AND Travel & Transport),805.3606795267297
deltad(Professional & Other Places AND Shop & Service AND Travel & Transport),250.94580028277096
deltad(Residence AND Shop & Service AND Travel & Transport),428.82163823861174
